,,,,
流水號,國字,審定音,詞語例或說明,備注
,,,,
1,丁,ㄉ丨ㄥ,目不識丁、壯丁,
2,三,ㄙㄢ,舉一反三、說三道四,ㄙㄢˋ併讀為ㄙㄢ。
3,上,"1.ㄕㄤˇ
2.ㄕㄤˋ","1.平上去入、上聲
2.上樓、上下",
4,万,"1.ㄇㄛˋ
2.ㄨㄢˋ","1.万俟（ㄇㄛˋ ㄑ丨ˊ，複姓
）
2.古「萬」字。",
5,不,"1.ㄅㄨˋ
2.ㄈㄡ
3.ㄈㄨ","1.百折不撓、不妨、不倒翁
2.姓（如晉朝有不準）。
3.「棠棣之華，鄂不韡韡。」
（《詩經》）",
6,且,ㄑ丨ㄝˇ,並且、苟且、暫且,
7,並,ㄅ丨ㄥˋ,並列、恩威並重,
8,中,"1.ㄓㄨㄥ
2.ㄓㄨㄥˋ","1.中途、中立、中學、中央、
適中
2.中的、中毒、中聽、中看不
中用、中肯、中意",
9,乎,ㄏㄨ,在乎、似乎,ㄏㄨˊ併讀為ㄏㄨ。
10,乘,"1.ㄔㄥˊ
2.ㄕㄥˋ","1.乘法、乘車
2.大乘、史乘、萬乘之國",
11,九,ㄐ丨ㄡˇ,九牛二虎之力、九霄雲外,
12,乞,ㄑ丨ˇ,乞求、搖尾乞憐,
13,乾,"1.ㄍㄢ
2.ㄑ丨ㄢˊ","1.餅乾、乾杯、乾淨、乾脆
2.乾卦（《易經》卦名）、乾
坤、乾乾；姓（如唐代有乾
彥思）。",
流水號,國字,審定音,詞語例或說明,備注
,,,,
14,了,"1.˙ㄌㄜ
2.ㄌ丨ㄠˇ","1.「這就難怪了！」、「做完
了！」
2.了不起、了結、了解、受不
了",
15,予,"1.ㄩˊ
2.ㄩˇ","1.予取予求
2.給予、准予",
16,事,ㄕˋ,"辦事、多事之秋、年事已高、
事奉",
17,于,ㄩˊ,鳳凰于飛、于歸,
18,亙,ㄍㄣˋ,綿亙、亙古,ㄍㄥˋ併讀為ㄍㄣˋ。
19,些,"1.ㄒ丨ㄝ
2.ㄙㄨㄛˋ
3.ㄙㄨㄛ（限讀）","1.那些、些微
2.「魂兮歸來，反故居些。」
（《楚辭》）
3.麼些（ㄇㄛˊ ㄙㄨㄛ，民
族名）",
20,亞,丨ㄚˋ,歐亞大陸、亞軍,丨ㄚˇ併讀為丨ㄚˋ。
21,亟,"1.ㄐ丨ˊ
2.ㄑ丨ˋ","1.亟需、需才孔亟
2.「好從事而亟失時。」（《
論語》）",
22,亡,ㄨㄤˊ,流亡、傷亡、亡羊補牢,
23,亢,"1.ㄍㄤ
2.ㄎㄤˋ","1.「乃仰絕亢而死。」（《漢
書》）
2.不卑不亢、高亢、「亢龍有
悔。」（《易經》）",
24,亨,ㄏㄥ,大亨、亨通,
25,京,ㄐ丨ㄥ,"京都；數目字（古代以十億為
兆，十兆為京）。",
26,亮,ㄌ丨ㄤˋ,明亮、亮節、亮相、宏亮,
27,什,1.ㄕˊ,"1.什百、什面、什錦；姓（如
後魏有什翼犍）。",ㄕㄜˊ併讀為ㄕㄣˊ。
流水號,國字,審定音,詞語例或說明,備注
,,,,
,,2.ㄕㄣˊ（限讀）,2.什麼（˙ㄇㄜ）,
28,仆,"1.ㄆㄨ
2.ㄆㄨˊ","1.屢仆屢起、前仆後繼
2.「僕」之異體字。",ㄈㄨˋ併讀為ㄆㄨ。
29,仇,"1.ㄑ丨ㄡˊ
2.ㄔㄡˊ","1.姓（如明代有仇英）。
2.仇敵、仇視、深仇大恨",
30,介,ㄐ丨ㄝˋ,介紹、介意、一介書生,
31,仔,"1.ㄗˇ
2.ㄗㄞˇ","1.擔仔麵、歌仔戲、仔細、菜
仔
2.打仔、牛仔、公仔、豬仔","1.「歌仔戲」、「擔仔麵」之「
仔」，閩南音á，國語定音為
ㄗˇ，構成「歌仔戲」、「擔
仔麵」時，一般口語變讀為輕
聲。
2.ㄗㄞˇ音源於粵語音，指幼小
動物或青年男子。"
32,他,ㄊㄚ,"他日、其他、「他是我父親。
」、「唱他幾句。」",ㄊㄨㄛ併讀為ㄊㄚ。
33,令,ㄌ丨ㄥˋ,命令、令尊、節令,
34,伐,ㄈㄚ,步伐、伐木、伐善、討伐,ㄈㄚˊ併讀為ㄈㄚ。
35,休,ㄒ丨ㄡ,休戚與共、休息、休想,
36,任,"1.ㄖㄣˊ
2.ㄖㄣˋ","1.姓（如南朝梁時有任昉）。
2.第三任、聽任、任用、責任",
37,份,ㄈㄣˋ,備份、股份、一份工作,
38,佗,"1.ㄊㄨㄛˊ
2.ㄊㄚ","1.華佗再世
2.「它」、「他」之異體字。",ㄊㄨㄛ併讀為ㄊㄚ。
39,佛,"1.ㄅ丨ˋ
2.ㄈㄛˊ","1.姓（如春秋時有佛肸）。
2.佛教",
40,估,"1.ㄍㄨ
2.ㄍㄨˋ","1.估計、估價、估算
2.估衣鋪",ㄍㄨˇ併讀為ㄍㄨ。
41,伽,"1.ㄐ丨ㄚ
2.ㄑ丨ㄝˊ","1.伽瑪射線、伽利略（人名）
、瑜伽
2.楞伽經、伽藍、伽南香",
流水號,國字,審定音,詞語例或說明,備注
,,,,
42,伺,"1.ㄘˋ
2.ㄙˋ","1.伺候
2.窺伺、環伺",
43,佃,"1.ㄉ丨ㄢˋ
2.ㄊ丨ㄢˊ","1.佃農、佃租
2.佃獵",
44,佔,ㄓㄢˋ,鳩佔鵲巢、佔領,
45,作,"1.ㄗㄨㄛˊ
2.ㄗㄨㄛˋ","1.作摩、作料
2.打躬作揖、工作、自作自受
、作坊、作文",ㄗㄨㄛ併讀為ㄗㄨㄛˋ。
46,伯,ㄅㄛˊ,伯母、伯仲、老伯,
47,余,"1.ㄩˊ
2.ㄒㄩˊ（限讀）","1.「余將老而為客。」（晉．
陸機〈歎逝賦〉）；姓（如
宋代有余靖）。
2.余吾（地名）",
48,佚,丨ˋ,佚失、佚書、佚樂,
49,佁,丨ˇ,佁然,ㄞˇ併讀為丨ˇ。
50,使,ㄕˇ,大使、使命、使性子,ㄕˋ併讀為ㄕˇ。
51,供,"1.ㄍㄨㄥ
2.ㄍㄨㄥˋ","1.供給、口供
2.供品、供奉",
52,來,ㄌㄞˊ,"本來、不請自來、眉來眼去、
慢慢來",
53,佰,ㄅㄞˇ,"壹佰元；職官名（古代軍隊中
掌管百人的指揮官）。",ㄅㄛˊ併讀為ㄅㄞˇ。
54,佻,ㄊ丨ㄠ,佻薄、輕佻,
55,信,ㄒ丨ㄣˋ,背信忘義、明信片、聽信,
56,便,"1.ㄅ丨ㄢˋ
2.ㄆ丨ㄢˊ","1.便利、便宜行事、方便
2.便辟、大腹便便、價格便宜","「便宜」一詞：作方便合宜義時
，音ㄅ丨ㄢˋ 丨ˊ；作物價低廉
、利益、好處義時，音ㄆ丨ㄢˊ
丨ˊ。"
流水號,國字,審定音,詞語例或說明,備注
,,,,
57,俠,ㄒ丨ㄚˊ,蝙蝠俠、俠義、武俠小說,
58,俟,"1.ㄑ丨ˊ
2.ㄙˋ","1.万俟（ㄇㄛˋ ㄑ丨ˊ，複姓
）
2.俟命；姓（見《萬姓統譜》
）。",
59,俊,ㄐㄩㄣˋ,俊雅、才俊、英俊,
60,俞,ㄩˊ,俞允；姓（如清代有俞樾）。,
61,俛,"1.ㄇ丨ㄢˇ
2.ㄈㄨˇ","1.僶（ㄇ丨ㄣˇ）俛
2.俛首、俛仰",ㄈㄨˇ音，通「俯」。
62,倥,"1.ㄎㄨㄥ
2.ㄎㄨㄥˇ","1.倥侗（童蒙無知貌）
2.倥傯（同「悾憁」）",
63,倩,ㄑ丨ㄢˋ,巧笑倩兮、倩影,
64,倆,"1.ㄌ丨ㄚˇ
2.ㄌ丨ㄤˇ","1.哥兒倆
2.伎倆",
65,值,ㄓˊ,價值、值勤、值日,
66,倒,"1.ㄉㄠˇ
2.ㄉㄠˋ","1.翻箱倒櫃、倒閉、倒塌、倒
胃口、跌倒、顛倒
2.倒不如、倒垃圾、倒轉、倒
影",
67,們,"1.ㄇㄣˊ
2.˙ㄇㄣ","1.圖們江（河川名）
2.哥兒們、人們、我們",
68,俺,ㄢˇ,俺家,
69,倔,"1.ㄐㄩㄝˊ
2.ㄐㄩㄝˋ","1.倔強（ㄐ丨ㄤˋ）
2.「他這個人真倔！」",
70,俱,ㄐㄩˋ,面面俱到、俱樂部、唱作俱佳,ㄐㄩ併讀為ㄐㄩˋ。
71,倡,"1.ㄔㄤ
2.ㄔㄤˋ","1.倡條、倡優
2.提倡、倡議",
72,個,"1.ㄍㄜˋ
2.ㄍㄜˇ（限讀）","1.個性、個人、個子、一個
2.自個兒","作量詞使用時，一般口語多變讀
為輕聲，如：一個、這個、那個"
流水號,國字,審定音,詞語例或說明,備注
,,,,
,,,,、添個、來個。
73,倘,ㄊㄤˇ,倘使、倘然、倘若,
74,倭,ㄨㄛ,倭刀、倭奴、倭寇,
75,俾,ㄅ丨ˋ,俾能自立、俾倪、俾使,ㄅㄟ併讀為ㄅ丨ˋ。
76,偺,"1.ㄗㄚˊ
2.ㄗㄢˊ","1.偺家
2.偺們",
77,假,"1.ㄐ丨ㄚˇ
2.ㄐ丨ㄚˋ","1.假借、假裝、真假
2.放假、年假、假期",
78,偕,"1.ㄒ丨ㄝˊ
2.ㄐ丨ㄝ（限讀）","1.白頭偕老、偕行、與民偕樂
2.馬偕",
79,側,ㄘㄜˋ,兩側、側目,ㄗㄜˋ併讀為ㄘㄜˋ。
80,傍,"1.ㄅㄤ
2.ㄅㄤˋ","1.傍午、傍晚
2.依傍、依山傍水",
81,傅,ㄈㄨˋ,師傅、一傅眾咻,
82,傀,"1.ㄍㄨㄟ
2.ㄎㄨㄟˇ","1.傀然、傀偉
2.傀儡",
83,傖,ㄘㄤ,寒傖、傖俗,ㄔㄥˊ併讀為ㄘㄤ。
84,傌,"1.ㄇㄚˇ（限讀）
2.ㄇㄚˋ","1.俥傌炮
2.「今自王侯三公之貴，……
而令與眾庶同黥、劓、髡、
刖、笞、傌、棄市之法。」
（《漢書》）",
85,傭,ㄩㄥ,僱傭、傭人,ㄩㄥˊ併讀為ㄩㄥ。
86,傳,"1.ㄓㄨㄢˋ
2.ㄔㄨㄢˊ","1.傳記、左傳（書名）
2.傳單、傳奇、傳神、傳染",
87,僅,ㄐ丨ㄣˇ,僅有、碩果僅存,
88,傾,ㄑ丨ㄥ,"濟弱扶傾、傾聽、傾家蕩產、
傾斜",ㄎㄥ併讀為ㄑ丨ㄥ。
流水號,國字,審定音,詞語例或說明,備注
,,,,
89,僮,"1.ㄊㄨㄥˊ
2.ㄓㄨㄤˋ（限讀）","1.僮僕、書僮
2.僮族（同「壯族」，民族名
）",
90,僥,"1.ㄐ丨ㄠˇ
2.丨ㄠˊ（限讀）","1.僥倖
2.僬（ㄐ丨ㄠ）僥",
91,僻,ㄆ丨ˋ,冷僻、窮鄉僻壤、邪僻,ㄅㄟˋ併讀為ㄆ丨ˋ。
92,價,"1.˙ㄍㄚ
2.ㄐ丨ㄚˋ","1.成天價忙、嗤嗤價響
2.代價、價格、價錢、價值",
93,儉,ㄐ丨ㄢˇ,儉色、勤儉,ㄐ丨ㄢˋ併讀為ㄐ丨ㄢˇ。
94,儐,ㄅ丨ㄣ,"儐相、「山川所以儐鬼神也。
」（《禮記》）",
95,儲,ㄔㄨˊ,儲蓄、儲值、倉儲、王儲,ㄔㄨˇ併讀為ㄔㄨˊ。
96,先,ㄒ丨ㄢ,先民、先鋒、先知,ㄒ丨ㄢˋ併讀為ㄒ丨ㄢ。
97,兌,"1.ㄉㄨㄟˋ
2.ㄩㄝˋ（限讀）","1.兌卦（《易經》卦名）、兌
現、匯兌
2.兌命（《尚書》篇名）",
98,免,ㄇ丨ㄢˇ,避免、免費、赦免,
99,兒,"1.ㄋ丨ˊ
2.ㄦˊ","1.姓（如漢代有兒寬）。
2.兒童、兒子",
100,入,ㄖㄨˋ,進入、收入、入手,ㄖㄨˇ併讀為ㄖㄨˋ。
101,內,ㄋㄟˋ,內幕、內臟、室內,
102,兩,ㄌ丨ㄤˇ,"兩把刷子、兩全其美、斤兩、
銀兩",
103,六,"1.ㄌ丨ㄡˋ
2.ㄌㄨˋ","1.六法全書、六合、六月、五
臟六腑
2.古國名；姓（見《萬姓統譜
》）。",
104,共,1.ㄍㄨㄥ,"1.共工；姓（如黃帝時有共鼓
）。",
流水號,國字,審定音,詞語例或說明,備注
,,,,
,,2.ㄍㄨㄥˋ,"2.禍福與共、共同、共計、共
識、共有",
105,其,"1.ㄑ丨ˊ
2.ㄐ丨（限讀）","1.其實、其餘、尤其
2.酈食其（ㄌ丨ˋ 丨ˋ ㄐ丨
，人名）",
106,冊,ㄘㄜˋ,第二冊、紀念冊、註冊、冊封,
107,冒,"1.ㄇㄠˋ
2.ㄇㄛˋ（限讀）","1.冒犯、冒險、冒充、冒失
2.冒頓（ㄇㄛˋ ㄉㄨˊ，漢初
匈奴的單于）",
108,冠,"1.ㄍㄨㄢ
2.ㄍㄨㄢˋ","1.冠冕堂皇、皇冠、雞冠、加
冠、衣冠沐猴
2.冠夫姓、冠禮、冠絕古今、
冠軍、冠詞",
109,几,"1.ㄐ丨
2.ㄐ丨ˇ","1.窗明几淨、茶几
2.「幾」之異體字。",
110,凹,ㄠ,凹凸不平、凹陷,丨ㄠ、ㄨㄚ併讀為ㄠ。
111,凸,ㄊㄨˊ,凸透鏡、凸出、凹凸不平,ㄊㄨ併讀為ㄊㄨˊ。
112,分,"1.ㄈㄣ
2.ㄈㄣˋ","1.分析、分數
2.本分、部分、分外、身分證",
113,切,"1.ㄑ丨ㄝ
2.ㄑ丨ㄝˋ","1.切麵、切斷、切磋
2.悲切、密切、一切、咬牙切
齒、望聞問切",
114,刨,"1.ㄅㄠˋ
2.ㄆㄠˊ","1.刨冰、刨木、刨子
2.刨土、刨根、刨除",
115,刻,ㄎㄜˋ,片刻、雕刻、刻苦、刻意,ㄎㄜ併讀為ㄎㄜˋ。
116,刷,ㄕㄨㄚ,粉刷、刷新、刷牙,ㄕㄨㄚˋ併讀為ㄕㄨㄚ。
117,剎,"1.ㄔㄚˋ
2.ㄕㄚ","1.羅剎、古剎、剎那
2.剎車",
118,削,"1.ㄒ丨ㄠ語
2.ㄒㄩㄝˋ讀","1.刀削麵、削鉛筆
2.剝削、削壁、削足適履、瘦
削",
流水號,國字,審定音,詞語例或說明,備注
,,,,
119,剌,"1.ㄌㄚˊ
2.ㄌㄚˋ","1.剌剌塌塌、剌開
2.大剌剌、剌謬、乖剌",
120,剖,ㄆㄡˇ,剖面、剖開、解剖,ㄆㄡ併讀為ㄆㄡˇ。
121,剝,ㄅㄛ,剝皮、剝離、剝削,ㄅㄠ併讀為ㄅㄛ。
122,剡,"1.ㄕㄢˋ
2.丨ㄢˇ","1.剡溪（水名）、剡縣（地名
）
2.「剡木為矢。」（《易經》
）",
123,副,ㄈㄨˋ,"名副其實、副手、副詞、一副
對聯",
124,創,"1.ㄔㄨㄤ
2.ㄔㄨㄤˋ","1.創痕、創傷、身受重創
2.開創、創舉",
125,劃,"1.ㄏㄨㄚˊ
2.ㄏㄨㄚˋ","1.劃了一道傷口、劃火柴
2.規劃、劃撥、劃時代",
126,劇,ㄐㄩˋ,歌劇、劇烈、惡作劇,ㄐ丨ˊ併讀為ㄐㄩˋ。
127,劈,ㄆ丨,"劈啪、劈頭、劈腿、劈柴、天
打雷劈",ㄆ丨ˇ併讀為ㄆ丨。
128,劊,ㄎㄨㄞˋ,劊子手,ㄍㄨㄟˋ併讀為ㄎㄨㄞˋ。
129,勁,ㄐ丨ㄥˋ,不對勁、疾風勁草、勁道,ㄐ丨ㄣˋ併讀為ㄐ丨ㄥˋ。
130,勒,"1.ㄌㄜˋ
2.ㄌㄟ","1.勒馬、勒令、勒石、勒索
2.勒緊、勒死",ㄌㄜ併讀為ㄌㄜˋ。
131,勘,ㄎㄢ,探勘、勘查、勘誤、校勘,ㄎㄢˋ併讀為ㄎㄢ。
132,勞,"1.ㄌㄠˊ
2.ㄌㄠˋ","1.疲勞、勞工、勞師動眾、勞
什子、勞燕分飛、功勞
2.勞軍、慰勞",
133,勝,"1.ㄕㄥ
2.ㄕㄥˋ","1.不勝枚舉、勝任
2.尋幽覽勝、戰勝",
134,勦,"1.ㄐ丨ㄠˇ
2.ㄔㄠ","1.勦滅、勦除
2.勦襲、勦說","ㄐ丨ㄠˇ，通「剿」；ㄔㄠ，通
「抄」。"
流水號,國字,審定音,詞語例或說明,備注
,,,,
135,勺,"1.ㄓㄨㄛˊ
2.ㄕㄠˊ","1.「誦詩舞勺。」（《禮記》
）
2.湯勺、勺子","ㄕㄨㄛˋ為ㄕㄠˊ之讀音、ㄓㄨㄛ
ˊ之又音，分別併讀為ㄕㄠˊ、ㄓ
ㄨㄛˊ。"
136,勾,"1.ㄍㄡ
2.ㄍㄡˋ","1.勾搭、勾勒、勾魂攝魄、勾
芡、勾引、一筆勾消
2.勾當",
137,包,"1.ㄅㄠ
2.ㄆㄠˋ（限讀）","1.包管沒事、包裝、麵包、書
包、一包糖果、一手包辦
2.車馬包","象棋子名及其相關詞語，音
ㄆㄠˋ。"
138,化,"1.ㄏㄨㄚˋ
2.ㄏㄨㄚ（限讀）","1.化境、化險為夷、化學、化
裝、化石、造化弄人、文化
2.叫化子",
139,北,ㄅㄟˇ,敗北、北方、北上,ㄅㄛˋ併讀為ㄅㄟˇ。
140,匙,"1.ㄔˊ
2.˙ㄕ","1.湯匙、三匙的糖
2.鎖匙、鑰匙",
141,匱,"1.ㄍㄨㄟˋ
2.ㄎㄨㄟˋ","1.「櫃」之本字。
2.不虞匱乏、窮匱",
142,匹,"1.ㄆ丨
2.ㄆ丨ˇ","1.馬匹、單槍匹馬
2.布匹、匹配、匹夫之勇、匹
敵",
143,匿,ㄋ丨ˋ,匿名、銷聲匿跡、藏匿,
144,區,"1.ㄑㄩ
2.ㄡ","1.區別、區區、區域
2.姓（如漢代有區博）。",
145,午,ㄨˇ,"午時、午睡；姓（如漢代有午
汝臣）。",˙ㄏㄨㄛ併讀為ㄨˇ。
146,卒,"1.ㄗㄨˊ
2.ㄘㄨˋ","1.暴卒、販夫走卒、士卒、卒
業
2.倉卒、卒然",
147,卓,ㄓㄨㄛˊ,卓然、卓越,
148,南,"1.ㄋㄢˊ
2.ㄋㄚˊ（限讀）","1.南方、南柯一夢、南腔北調
、南下、南岸、南轅北轍
2.南無（ㄇㄛˊ）",
流水號,國字,審定音,詞語例或說明,備注
,,,,
149,卡,ㄎㄚˇ,關卡、卡通、卡路里、卡車,
150,占,"1.ㄓㄢ
2.ㄓㄢˋ","1.占卜、占夢、占星
2.占領、占據、占有",
151,卷,"1.ㄐㄩㄢˇ
2.ㄐㄩㄢˋ
3.ㄑㄩㄢˊ","1.卷積雲、卷心菜、卷舌
2.卷軸、卷宗、試卷、書卷、
萬卷書
3.卷曲、卷卷",ㄐㄩㄢˇ音，通「捲」。
152,原,ㄩㄢˊ,原來、原諒、原則,
153,厭,"1.丨ㄢˋ
2.丨ㄢ（限讀）","1.討厭、貪得無厭、會厭
2.厭厭",
154,厲,ㄌ丨ˋ,厲害、再接再厲、嚴厲,
155,參,"1.ㄕㄣ
2.ㄘㄢ
3.ㄘㄣ","1.動如參商、人參
2.參觀、參考、參加
3.參差（ㄘ）",
156,叉,ㄔㄚ,刀叉、交叉、叉燒,
157,反,ㄈㄢˇ,"反覆、反對、反省、反而、相
反",ㄈㄢ併讀為ㄈㄢˇ。
158,叟,ㄙㄡˇ,童叟無欺、老叟,
159,曼,ㄇㄢˋ,曼妙、羅曼史、輕歌曼舞,ㄨㄢˋ併讀為ㄇㄢˋ。
160,叢,ㄘㄨㄥˊ,花叢、叢生、叢書,ㄘㄨㄥ併讀為ㄘㄨㄥˊ。
161,可,"1.ㄎㄜˇ
2.ㄎㄜˋ（限讀）","1.可口、可是、可愛、「你可
回來了！」
2.可汗（ㄏㄢˊ）",
162,召,"1.ㄓㄠˋ
2.ㄕㄠˋ","1.感召、召喚、召集、應召
2.召南（《詩經》章目）；姓
（如漢代有召平）。",
163,叨,"1.ㄉㄠ
2.ㄊㄠ","1.叨念、嘮叨、絮絮叨叨
2.叨教、叨擾",
流水號,國字,審定音,詞語例或說明,備注
,,,,
164,只,ㄓˇ,只管、只是、只有,
165,台,"1.丨ˊ
2.ㄊㄞˊ","1.「諸呂不台。」（《史記》
）
2.「臺」之異體字。",ㄊㄞ併讀為ㄊㄞˊ。
166,句,"1.ㄍㄡ
2.ㄐㄩˋ
3.ㄍㄡˋ（限讀）","1.高句麗、句踐（人名）
2.句讀（ㄉㄡˋ）、句子、三
句話
3.句當（同「勾當」）",
167,同,"1.ㄊㄨㄥˊ
2.ㄊㄨㄥˋ","1.不同、陪同、同意、合同
2.胡同（同「衚衕」）",
168,吐,"1.ㄊㄨˇ
2.ㄊㄨˋ","1.談吐、吐痰、吐露、吐氣、
吞吞吐吐
2.吐血、上吐下瀉、嘔吐","從口中出，音ㄊㄨˇ；從胃中出
，音ㄊㄨˋ。"
169,合,"1.ㄍㄜˇ
2.ㄏㄜˊ","1.公合（量詞）、朝升暮合
2.符合、天作之合、合適、合
作、集合、折合現金",
170,吃,"1.ㄐ丨ˊ
2.ㄔ","1.口吃、「笑吃吃不止。」（
漢．伶玄《趙飛燕外傳》）
2.吃飯、吃力、吃虧",
171,吭,"1.ㄎㄥ
2.ㄏㄤˊ","1.悶不吭聲、吭氣
2.引吭高歌",
172,吾,ㄨˊ,吾輩、吾人、維吾爾族,
173,否,"1.ㄆ丨ˇ
2.ㄈㄡˇ","1.否卦（《易經》卦名）、否
極泰來、臧否
2.不置可否、否定、否則、「
知否？」",
174,吧,"1.ㄅㄚ
2.˙ㄅㄚ","1.吧檯、酒吧
2.「給我吧！」、「算了吧！
」",
175,呆,ㄉㄞ,目瞪口呆、發呆、呆板,ㄞˊ併讀為ㄉㄞ。
176,告,"1.ㄍㄠˋ
2.ㄍㄨˋ（限讀）","1.報告、告狀、公告、忠告、
原告
2.告朔",
流水號,國字,審定音,詞語例或說明,備注
,,,,
177,吹,ㄔㄨㄟ,吹毛求疵、吹風、吹牛,
178,呀,"1.ㄒ丨ㄚ
2.丨ㄚ
3.˙丨ㄚ","1.呀然（吃驚張口貌）、「汝
口開呀呀。」（唐．韓愈〈
月蝕〉詩）
2.呀的一聲、呀然（開、關門
聲）、「哎呀！下大雨了！
」
3.「他呀，總是這樣！」",
179,吱,ㄓ,吱吱咯咯、吱吱喳喳,
180,含,ㄏㄢˊ,包含、含淚、含水量,
181,呵,"1.ㄏㄜ
2.ㄛ","1.呵護、呵欠、笑呵呵
2.「呵！這麼多錢！」",
182,咔,ㄎㄚ,咔啦、咔擦,
183,呱,"1.ㄍㄨㄚ
2.ㄨㄚ","1.頂呱呱、呱呱叫
2.呱呱墮地、呱呱而泣",ㄍㄨ併讀為ㄨㄚ。
184,和,"1.ㄏㄜˊ
2.ㄏㄜˋ
3.ㄏㄢˋ
4.ㄏㄨㄛˋ
5.˙ㄏㄨㄛ
6.ㄏㄨˊ（限讀）","1.八千里路雲和月、大和民族
、和平、和風、和尚、總和
2.附和、唱和
3.我和你
4.和麵、和稀泥、攪和
5.暖和、熱和
6.和牌","作連詞使用時，於文言詞中習讀
ㄏㄜˊ。"
185,呢,"1.˙ㄋㄜ
2.ㄋ丨ˊ","1.「他正忙著呢！」、「怎麼
辦呢？」
2.呢喃、呢絨",
186,咋,ㄗㄜˊ,咋舌,
187,咎,"1.ㄍㄠ
2.ㄐ丨ㄡˋ","1.咎陶（人名）
2.既往不咎、咎由自取、引咎
辭職",
188,咬,│ㄠˇ,"咬牙切（ㄑ丨ㄝˋ）齒、咬文
嚼字、一口咬定",
流水號,國字,審定音,詞語例或說明,備注
,,,,
189,咳,"1.ㄎㄜˊ
2.ㄏㄞ","1.咳血、咳嗽
2.咳聲歎氣",ㄎㄚˇ併讀為ㄎㄜˊ。
190,哇,"1.ㄨㄚ
2.˙ㄨㄚ","1.哇哇叫
2.「好哇！」",
191,咽,"1.丨ㄝˋ
2.丨ㄢ","1.哽咽
2.咽喉",
192,哄,"1.ㄏㄨㄥ
2.ㄏㄨㄥˇ","1.哄動、哄抬、哄堂大笑
2.哄騙、哄人",
193,哈,"1.ㄎㄚ
2.ㄏㄚ
3.ㄏㄚˇ","1.哈喇呢（毛織物）
2.哈密瓜、哈雷彗星、哈哈大
笑、哈腰；姓（如明代有哈
銘）。
3.哈巴狗、哈德門（地名）",
194,咯,"1.˙ㄌㄛ
2.ㄍㄜ
3.ㄎㄚˇ","1.「當然咯！」、「來咯！」
2.「母雞咯咯叫。」
3.咯血",
195,咱,"1.ㄗㄚˊ
2.ㄗㄢˊ","1.咱家
2.咱們",
196,咻,"1.ㄒ│ㄡ
2.ㄒㄩˇ","1.咻咻、一傅眾咻
2.噢咻、「風氣之所咻。」（
宋．蘇軾〈策別〉）",
197,咧,ㄌ丨ㄝˇ,齜牙咧嘴,
198,哆,"1.ㄉㄨㄛ
2.ㄔㄜˇ","1.哆嗦
2.目瞠口哆",
199,哺,ㄅㄨˇ,哺乳、周公吐哺、嗷嗷待哺,ㄅㄨˋ、ㄆㄨˇ併讀為ㄅㄨˇ。
200,哩,"1.ㄌ丨
2.ㄌ丨ˇ
3.˙ㄌ丨","1.囉（ㄌㄨㄛ）哩囉（ㄌㄨㄛ
）嗦
2.量詞（同「英里」）。
3.「好哩！」",
201,員,"1.ㄩㄢˊ
2.ㄩㄣˊ","1.幅員、兩員大將、員工、員
外
2.伍員（人名）、「員于爾輻
。」（《詩經》）",
流水號,國字,審定音,詞語例或說明,備注
,,,,
202,哮,ㄒ丨ㄠ,咆哮、哮喘,ㄒ丨ㄠˋ併讀為ㄒ丨ㄠ。
203,哪,"1.ㄋㄚˇ
2.˙ㄋㄚ
3.ㄋㄨㄛˊ（限讀）","1.哪個、哪知
2.「大家加把勁哪！」、「天
哪！」
3.哪吒",
204,哦,"1.ㄛˊ
2.ㄜˊ","1.「哦！您就是孫先生。」
2.吟哦",
205,唧,ㄐ丨ˊ,唧筒、唧咕、唧唧,ㄐ丨併讀為ㄐ丨ˊ。
206,唇,"1.ㄓㄣ
2.ㄔㄨㄣˊ","1.「唇，驚也。」（《說文》
）
2.「脣」之異體字。",
207,啪,ㄆㄚ,啪啦、劈啪,ㄆ丨ㄚ併讀為ㄆㄚ。
208,啦,"1.ㄌㄚ
2.˙ㄌㄚ","1.啪啦、啦啦隊
2.「他來啦！」、「好啦！」",
209,啞,"1.丨ㄚ
2.丨ㄚˇ","1.啞啞、嘔啞
2.啞巴、啞鈴、啞口無言、啞
然失笑、瘖啞",ㄜˋ併讀為丨ㄚˇ。
210,啊,"1.ㄚ
2.˙ㄚ","1.「啊！失火了！」、「啊！
你說甚麼？」
2.「不錯啊！」",ㄛ併讀為ㄚ。
211,唯,ㄨㄟˊ,唯美、唯唯諾諾、唯一,ㄨㄟˇ併讀為ㄨㄟˊ。
212,啁,ㄓㄡ,啁啾、啁哳（ㄓㄚˊ）,
213,啻,ㄔˋ,不啻、何啻,ㄊ丨ˋ併讀為ㄔˋ。
214,喀,ㄎㄚ,喀血、喀什米爾、喀嚓,ㄎㄜˋ併讀為ㄎㄚ。
215,喝,"1.ㄏㄜ
2.ㄏㄜˋ","1.大吃大喝、喝湯、喝西北風
2.喝令、喝采、呼喝",
216,喪,"1.ㄙㄤ
2.ㄙㄤˋ","1.奔喪、婚喪喜慶、喪服
2.沮喪、喪失、喪亡","死亡義，音ㄙㄤ；逃亡、失去、
毀滅義，音ㄙㄤˋ。"
流水號,國字,審定音,詞語例或說明,備注
,,,,
217,喔,"1.ㄛ
2.ㄨㄛˋ","1.喔唷、「喔！原來如此。」
2.喔咿、「汝南晨雞喔喔鳴。
」（唐．劉禹錫〈平蔡州〉
詩）",ㄨ併讀為ㄨㄛˋ。
218,喇,ㄌㄚˇ,"巴顏喀喇山、喇叭、喇嘛（˙
ㄇㄚ）",
219,喋,ㄉ丨ㄝˊ,喋喋不休、喋血,
220,喳,ㄓㄚ,吱吱喳喳、喳呼、「喳！」,ㄔㄚ併讀為ㄓㄚ。
221,單,"1.ㄉㄢ
2.ㄕㄢˋ
3.ㄔㄢˊ（限讀）","1.單身、單數、簡單、菜單
2.單縣（地名）；姓（如明代
有單安仁）。
3.單于",
222,喬,ㄑ丨ㄠˊ,喬木、喬遷、喬裝,
223,喏,"1.ㄋㄨㄛˋ
2.ㄖㄜˇ","1.喏喏、應喏、「喏！那不是
你要找的人嗎？」
2.唱喏、聲喏",
224,喒,"1.ㄗㄚˊ
2.ㄗㄢˊ","1.喒家
2.喒們",
225,嗟,ㄐ丨ㄝ,嗟嘆、嗟來食、「嗟乎！」,ㄐㄩㄝ併讀為ㄐ丨ㄝ。
226,嗎,"1.ㄇㄚˇ
2.˙ㄇㄚ","1.嗎啡
2.「可以嗎？」、「好嗎？」",
227,嗗,ㄍㄨ,嗗嘟嘟（狀聲詞）,
228,嗑,"1.ㄎㄜˋ
2.ㄏㄜˊ","1.嗑瓜子、嗑牙
2.嗑嗑、噬嗑（《易經》卦名
）",
229,嗆,ㄑ丨ㄤˋ,夠嗆、嗆鼻,
230,嗒,"1.ㄉㄚ
2.ㄊㄚˋ","1.啪嗒、「機關槍嗒嗒的響。
」
2.嗒然",
流水號,國字,審定音,詞語例或說明,備注
,,,,
231,嗾,ㄙㄡˇ,唧嗾、嗾使,ㄗㄨˊ併讀為ㄙㄡˇ。
232,嘛,"1.ㄇㄚˊ
2.˙ㄇㄚ","1.幹嘛
2.喇嘛、「來嘛！」",
233,嘔,"1.ㄡ
2.ㄡˇ
3.ㄡˋ","1.嘔歌、嘔啞
2.嘔吐、嘔心瀝血
3.嘔氣、「存心嘔我！」",
234,嘍,"1.ㄌㄡˊ
2.˙ㄌㄡ","1.捅嘍子、嘍囉
2.「放學嘍！」",
235,嘎,ㄍㄚ,嘎的一聲、嘎啦,
236,嘁,ㄑ丨,嘁哩喀喳、嘁嘁喳喳,
237,嘲,ㄔㄠˊ,冷嘲熱諷、嘲笑、自我解嘲,
238,嘿,ㄏㄟ,"嘿嘿的笑、「嘿！近來好嗎？
」",
239,嘩,"1.ㄏㄨㄚ
2.ㄏㄨㄚˊ","1.嘩啦
2.「譁」之異體字。",
240,噓,ㄒㄩ,唏噓、噓寒問暖、吹噓,
241,噴,"1.ㄆㄣ
2.ㄆㄣˋ","1.噴嚏、噴泉、噴水、嚏噴、
香噴噴
2.噴鼻、噴香",˙ㄈㄣ併讀為ㄆㄣ。
242,噌,ㄗㄥ,味噌,ㄔㄥ併讀為ㄗㄥ。
243,噫,丨ˋ,噫嗚、噫氣,丨併讀為丨ˋ。
244,噹,"1.ㄉㄤ
2.ㄉ丨ㄤ（限讀）","1.叮噹
2.噹噹兒",
245,噱,"1.ㄐㄩㄝˊ
2.ㄒㄩㄝ","1.發噱
2.噱頭",
246,噯,ㄞˋ,噯氣、「噯喲！你上當了！」,ㄞˇ併讀為ㄞˋ。
247,噶,ㄍㄜˊ,"喀什噶爾、準噶爾盆地、斯多
噶學派",ㄍㄚˊ併讀為ㄍㄜˊ。
流水號,國字,審定音,詞語例或說明,備注
,,,,
248,噭,"1.ㄐ丨ㄠˋ
2.ㄑ丨ㄠˋ","1.噭應
2.「馬蹄噭千。」（《漢書》
）",
249,嚇,"1.ㄏㄜˋ
2.ㄒ丨ㄚˋ","1.恐嚇、嚇嚇
2.嚇唬、嚇一跳",
250,嚷,ㄖㄤˇ,大聲嚷嚷、吵嚷,ㄖㄤ併讀為ㄖㄤˇ。
251,嚼,"1.ㄐ丨ㄠˊ
2.ㄐㄩㄝˊ","1.嚼舌、細嚼慢嚥
2.咀嚼、咀英嚼華、味同嚼蠟","作牙齒咬義時，於口語詞音ㄐ丨
ㄠˊ，於文言詞音ㄐㄩㄝˊ。"
252,囁,ㄋ丨ㄝˋ,囁嚅,
253,囉,"1.ㄌㄨㄛ
2.ㄌㄨㄛˊ
3.˙ㄌㄨㄛ","1.囉嗦
2.嘍（ㄌㄡˊ）囉、哈囉
3.「夠囉！」、「好囉！」",
254,囝,ㄐ丨ㄢˇ,大囝、囝孫,
255,囪,"1.ㄔㄨㄤ
2.ㄘㄨㄥ","1.「窗」之本字。
2.煙囪",
256,囤,"1.ㄉㄨㄣˋ
2.ㄊㄨㄣˊ","1.囤子、火囤
2.囤糧、囤積居奇",
257,圈,"1.ㄐㄩㄢˋ
2.ㄑㄩㄢ","1.豬圈、獸圈
2.圈套、圈選、橡皮圈、商業
圈、圓圈",
258,圳,"1.ㄗㄨㄣˋ
2.ㄓㄣˋ","1.嘉南大圳、圳溝
2.深圳（地名）",ㄔㄡˊ併讀為ㄗㄨㄣˋ。
259,地,"1.˙ㄉㄜ
2.ㄉ丨ˋ","1.慢慢地、漸漸地
2.大地","˙ㄉㄜ音，結構助詞，用於副詞
後。同「的」。"
260,坊,"1.ㄈㄤ
2.ㄈㄤˊ","1.牌坊、街坊、茶坊、染坊
2.坊記（《禮記》篇名）、堤
坊（同「隄防」）",
261,均,ㄐㄩㄣ,平均、均分、勢均力敵,
262,圾,ㄙㄜˋ,垃圾,ㄐ丨併讀為ㄙㄜˋ。
263,坏,"1.ㄆㄟ
2.ㄏㄨㄞˋ","1.坏土、捏坏、拉坏
2.「壞」之異體字。",ㄆㄟˊ、ㄆ丨併讀為ㄆㄟ。
流水號,國字,審定音,詞語例或說明,備注
,,,,
264,坯,ㄆㄟ,坯布、毛坯、泥坯、壞坯子,ㄆ丨併讀為ㄆㄟ。
265,坻,"1.ㄉ丨ˇ
2.ㄔˊ","1.寶坻（地名）、「坻，隴阪
。」（《廣韻》）
2.「宛在水中坻。」（《詩經
》）",
266,垛,"1.ㄉㄨㄛˇ
2.ㄉㄨㄛˋ","1.箭垛、城垛
2.堆垛、草垛",
267,埔,ㄆㄨˇ,海埔新生地、三重埔,ㄅㄨˇ併讀為ㄆㄨˇ。
268,埋,"1.ㄇㄞˊ
2.ㄇㄢˊ（限讀）","1.埋葬、埋藏、掩埋
2.埋怨",
269,埠,ㄅㄨˋ,港埠、華埠、商埠,ㄈㄨˋ併讀為ㄅㄨˋ。
270,埤,"1.ㄅ丨ˋ
2.ㄆ丨ˊ","1.埤溼、「松柏不生埤。」（
《國語》）
2.埤頭鄉、虎頭埤、水埤、「
削長埤短。」（南朝宋．鮑
照〈登大雷岸與妹書〉）",ㄆ丨ˋ併讀為ㄅ丨ˋ。
271,堵,ㄉㄨˇ,堵嘴、堵塞、一堵牆,
272,培,"1.ㄆㄟˊ
2.ㄆㄡˇ","1.培養、培育、栽培
2.培塿、「高培則拔。」（《
呂氏春秋》）",
273,埶,"1.ㄕˋ
2.丨ˋ","1.「勢」之本字。
2. 「埶，種也。」（《說文
》）；古「藝」字。",
274,場,ㄔㄤˇ,"登場、會場、場所、操場、一
場電影",ㄔㄤˊ併讀為ㄔㄤˇ。
275,堤,ㄊ丨ˊ,堤防、河堤,ㄉ丨併讀為ㄊ丨ˊ。
276,堡,ㄅㄠˇ,堡壘、古堡、漢堡,ㄆㄨˋ併讀為ㄅㄠˇ。
277,塞,"1.ㄙㄜˋ
2.ㄙㄞ","1.閉塞、推諉塞責、充塞、阻
塞、塞擦音
2.瓶塞、活塞、塞車","1.ㄙㄟ併讀為ㄙㄜˋ。
2.於阻隔不通義之用法：凡構成
複合詞時，音ㄙㄜˋ；動詞單"
流水號,國字,審定音,詞語例或說明,備注
,,,,
,,3.ㄙㄞˋ,3.邊塞、要塞,用時，音ㄙㄞ。
278,墉,ㄩㄥ,垣墉、墉城,ㄩㄥˊ併讀為ㄩㄥ。
279,墳,ㄈㄣˊ,墳墓、墳場、三墳五典,
280,墮,ㄉㄨㄛˋ,"墮馬、墮落、呱呱（ㄨㄚ ㄨ
ㄚ）墮地",
281,壅,ㄩㄥ,交通壅塞、壅蔽,ㄩㄥˇ併讀為ㄩㄥ。
282,壘,"1.ㄌㄟˇ
2.ㄌㄩˋ（限讀）","1.堡壘、壘砌、壘球
2.鬱壘（門神名）",
283,壞,ㄏㄨㄞˋ,敗壞、破壞、腐壞、壞心,ㄍㄨㄞˋ併讀為ㄏㄨㄞˋ。
284,夏,"1.ㄐ丨ㄚˇ
2.ㄒ丨ㄚˋ","1.夏楚
2.夏季、夏朝、夏屋；姓（如
現代文學家夏丏尊）。",
285,多,ㄉㄨㄛ,"多麼、多謝、多事之秋、多少
、多疑",ㄉㄨㄛˊ併讀為ㄉㄨㄛ。
286,大,"1.ㄉㄚˋ
2.ㄉㄞˋ","1.大夫（官名）、大小
2.大夫（醫生）",
287,夫,"1.ㄈㄨ
2.ㄈㄨˊ","1.匹（ㄆ丨ˇ）夫、夫人、大
夫、樵夫
2.夫差（人名）、「逝者如斯
夫，不舍晝夜。」（《論語
》）、「夫國君好仁，天下
無敵。」（《孟子》）",
288,夭,丨ㄠ,"桃夭（《詩經》篇名）、逃之
夭夭、夭折",丨ㄠˇ、ㄠˇ併讀為丨ㄠ。
289,夾,ㄐ丨ㄚˊ,皮夾、髮夾、夾道歡迎、夾菜,"ㄐ丨ㄚ、ㄐ丨ㄚˋ併讀為ㄐ丨ㄚˊ
。"
290,奉,ㄈㄥˋ,"奉獻、奉承、奉為圭臬、供奉
、信奉",
291,奇,"1.ㄐ丨
2.ㄑ丨ˊ","1.奇零（同「畸零」）、奇數
2.奇門遁甲、奇怪、奇貨可居
、奇經八脈、奇裝異服、傳
奇",
流水號,國字,審定音,詞語例或說明,備注
,,,,
292,奄,"1.丨ㄢ
2.丨ㄢˇ","1.奄人、奄奄一息
2.奄忽、「奄有四方。」（《
詩經》）",
293,奔,ㄅㄣ,奔波、奔跑、奔流、投奔,ㄅㄣˋ併讀為ㄅㄣ。
294,契,"1.ㄑ丨ˋ
2.ㄒ丨ㄝˋ（限讀）","1.契丹、契刻、契合、契約
2.人名，虞舜之臣。",
295,奘,ㄗㄤˋ,"玄奘、「奘，大也。」（《玉
篇》）",
296,奧,ㄠˋ,堂奧、深奧、奧妙,
297,女,"1.ㄋㄩˇ
2.ㄋㄩˋ","1.美女、女兒
2.「宋雍氏女於鄭莊公。」（
《左傳》）",文言動詞，音ㄋㄩˋ。
298,妃,ㄈㄟ,妃子、貴妃,
299,好,"1.ㄏㄠˇ
2.ㄏㄠˋ","1.好朋友、好看、好久、好人
好事、寫好了、正好、完好
如初、「好！正合我意。」
、「這事好辦。」
2.投其所好、好奇、好學不倦",
300,妨,ㄈㄤˊ,不妨、妨害,ㄈㄤ併讀為ㄈㄤˊ。
301,妊,ㄖㄣˋ,妊婦、妊娠紋,ㄖㄣˊ併讀為ㄖㄣˋ。
302,妻,"1.ㄑ丨
2.ㄑ丨ˋ","1.夫妻、妻子
2.以女妻之",文言動詞，音ㄑ丨ˋ。
303,委,"1.ㄨㄟˇ
2.ㄨㄟ","1.委託、委曲求全、委員、原
委
2.委蛇（丨ˊ）",
304,姍,ㄕㄢ,姍笑、姍姍來遲,ㄒ丨ㄢ併讀為ㄕㄢ。
305,始,ㄕˇ,"開始、自始至終、「千呼萬喚
始出來。」（唐．白居易〈琵
琶行〉）",ㄕˋ併讀為ㄕˇ。
流水號,國字,審定音,詞語例或說明,備注
,,,,
306,姊,"1.ㄐ丨ㄝˇ語
2.ㄗˇ讀","1.姊妹、姊姊
2.「小弟聞姊來。」（〈木蘭
詩〉）","現代日常用語以ㄐ丨ㄝˇ音為主
，文言詞彙可視情況讀為ㄗˇ。"
307,妯,ㄓㄡˊ,妯娌,ㄓㄨˊ併讀為ㄓㄡˊ。
308,妳,"1.ㄋ丨ˇ
2.ㄋㄞˇ","1.妳們、「媽媽，我愛妳！」
2.「嬭」之異體字。","ㄋ丨ˇ音，第二人稱代詞，專用
於女性。"
309,姣,ㄐ丨ㄠˇ,姣麗、姣好,ㄐ丨ㄠ併讀為ㄐ丨ㄠˇ。
310,姥,"1.ㄇㄨˇ
2.ㄌㄠˇ","1.天姥山、乳姥（同「乳姆」
）
2.姥姥",
311,娜,"1.ㄋㄚˋ
2.ㄋㄨㄛˊ","1.蒙娜麗莎、黛安娜、莎喲娜
拉
2.嬌娜、婀娜",ㄋㄨㄛˇ併讀為ㄋㄨㄛˊ。
312,娠,ㄕㄣ,妊娠、有娠,ㄓㄣˋ併讀為ㄕㄣ。
313,娩,"1.ㄇ丨ㄢˇ
2.ㄨㄢˇ","1.分娩
2.婉娩、「娩，媚好也。」（
《玉篇》）",
314,娶,ㄑㄩˇ,娶妻、迎娶,ㄑㄩˋ併讀為ㄑㄩˇ。
315,婁,ㄌㄡˊ,"婁縣（地名）、離婁；姓（如
唐代有婁師德）。",
316,婀,ㄜ,婀娜（ㄋㄨㄛˊ）,ㄜˇ併讀為ㄜ。
317,婢,ㄅ丨ˋ,婢女、奴婢、官婢,ㄅㄟˋ併讀為ㄅ丨ˋ。
318,媛,ㄩㄢˊ,邦媛、名媛,ㄩㄢˋ併讀為ㄩㄢˊ。
319,嫖,"1.ㄆ丨ㄠ
2.ㄆ丨ㄠˊ","1.嫖疾、嫖姚
2.嫖妓、吃喝嫖賭",
320,孌,ㄌㄨㄢˊ,"「靜女其孌，貽我彤管。」（
《詩經》）",ㄌㄩㄢˇ併讀為ㄌㄨㄢˊ。
321,子,1.ㄗˇ,"1.瓜子、孔子、經史子集、子
弟、兒子、王子",置於詞尾作為詞綴時，音˙ㄗ。
流水號,國字,審定音,詞語例或說明,備注
,,,,
,,2.˙ㄗ,2.脖子、拍子、兩下子、傻子,
322,孚,ㄈㄨˊ,孚眾望、孚佑、情孚意合,
323,孫,ㄙㄨㄣ,祖孫；姓（如春秋有孫武）。,
324,孳,ㄗ,孳生、孳孳不倦,ㄗˋ併讀為ㄗ。
325,孱,ㄔㄢˊ,孱夫、孱弱,
326,學,ㄒㄩㄝˊ,"博學多聞、中學、邯鄲學步、
學習",ㄒ丨ㄠˊ併讀為ㄒㄩㄝˊ。
327,孿,ㄌㄨㄢˊ,孿生兄弟、孿生子,ㄌㄩㄢˊ併讀為ㄌㄨㄢˊ。
328,它,ㄊㄚ,"它們、之死靡它、「它山之石
，可以為錯。」（《詩經》）","1.ㄊㄨㄛ併讀為ㄊㄚ。
2.為第三人稱代詞，用於無生物
等事物。"
329,守,ㄕㄡˇ,"太守、守候、守信、駐守、遵
守、操守",
330,宅,ㄓㄞˊ,宅心仁厚、住宅、安宅,ㄓㄜˋ併讀為ㄓㄞˊ。
331,宛,"1.ㄨㄢˇ
2.ㄩㄢ（限讀）","1.宛平（地名）、宛轉、宛然
、宛如、宛延
2.大宛（古國名、馬名）",
332,害,ㄏㄞˋ,妨害、害羞、災害、要害,
333,家,"1.ㄍㄨ
2.ㄐ丨ㄚ","1.大家（對女子的尊稱）、阿
家
2.扮家家酒、大家（世家望族
、專家、眾人）、農家、家
庭、咱家",
334,宿,"1.ㄒ丨ㄡˇ
2.ㄒ丨ㄡˋ
3.ㄙㄨˋ","1.整宿、一宿
2.星宿
3.住宿、宿命、宿舍、宿醉、
宿願",
335,寧,"1.ㄋ丨ㄥˊ
2.ㄋ丨ㄥˋ","1.寧可、寧願、安寧
2.姓（如漢代有寧成）。",
流水號,國字,審定音,詞語例或說明,備注
,,,,
336,寫,ㄒ丨ㄝˇ,編寫、寫生、抄寫,
337,射,"1.ㄕㄜˋ
2.丨ㄝˋ","1.投射、射擊
2.僕射、射干",ㄕˊ併讀為ㄕㄜˋ。
338,尉,"1.ㄨㄟˋ
2.ㄩˋ","1.廷尉、少尉
2.尉遲（複姓，如唐代有尉遲
恭）；姓（如春秋時鄭國有
尉止）。",
339,將,"1.ㄐ丨ㄤ
2.ㄐ丨ㄤˋ
3.ㄑ丨ㄤ","1.將功贖罪、將就、將近、將
軍、將信將疑
2.將兵、上將、勇將
3.「鼓鍾將將。」（《詩經》
）、「將子無怒，秋以為期
。」（《詩經》）",
340,尋,ㄒㄩㄣˊ,耐人尋味、尋常、找尋,"ㄒ丨ㄣˊ、ㄒㄩㄝˊ併讀為ㄒㄩㄣ
ˊ。"
341,導,ㄉㄠˇ,"報導、導電、開導、教（ㄐ丨
ㄠˋ）導、引導",ㄉㄠˋ併讀為ㄉㄠˇ。
342,少,"1.ㄕㄠˇ
2.ㄕㄠˋ","1.缺少、少不得、少頃、少有
2.年少、老少咸宜、少傅、少
東",
343,尬,ㄍㄚˋ,尷尬,ㄐ丨ㄝˋ併讀為ㄍㄚˋ。
344,尷,ㄍㄢ,尷尬,ㄐ丨ㄢ併讀為ㄍㄢ。
345,尺,"1.ㄔˇ
2.ㄔㄜˇ（限讀）","1.皮尺、公尺、鎮尺、尺寸
2.工尺",ㄔˊ併讀為ㄔˇ。
346,尾,ㄨㄟˇ,結尾、一尾魚、尾巴、尾款,丨ˇ併讀為ㄨㄟˇ。
347,居,ㄐㄩ,退居、居心、居住、奇貨可居,
348,屎,ㄕˇ,狗屎、眼屎,
349,屏,"1.ㄅ丨ㄥˇ
2.ㄆ丨ㄥˊ","1.屏息、屏除
2.屏風、屏東（地名）、屏障",
流水號,國字,審定音,詞語例或說明,備注
,,,,
350,屠,ㄊㄨˊ,屠宰、屠城,
351,屬,"1.ㄓㄨˇ
2.ㄕㄨˇ","1.屬託、屬文
2.部屬、金屬、親屬、屬於",
352,屯,"1.ㄊㄨㄣˊ
2.ㄓㄨㄣ
3.ㄔㄨㄣˊ（限讀）","1.屯兵、屯積
2.屯卦、屯邅（ㄓㄢ）
3.屯留（地名）",
353,岔,ㄔㄚˋ,打岔、交岔路口、岔氣,
354,岡,ㄍㄤ,黃花岡（地名）、山岡,ㄍㄤˇ併讀為ㄍㄤ。
355,岫,ㄒ丨ㄡˋ,煙嵐雲岫、嵒（丨ㄢˊ）岫,
356,峒,"1.ㄉㄨㄥˋ
2.ㄊㄨㄥˊ","1.大龍峒（地名）、黎峒
2.崆峒山",
357,崢,ㄓㄥ,崢嶸、嶢（丨ㄠˊ）崢,ㄔㄥˊ併讀為ㄓㄥ。
358,崗,"1.ㄍㄤ
2.ㄍㄤˇ","1.復興崗（地名）、山崗（同
「山岡」）
2.崗哨、崗位、站崗",
359,嵌,"1.ㄑ丨ㄢ
2.ㄎㄢˇ（限讀）","1.嵌造、嵌巖、鑲嵌
2.赤嵌樓",ㄑ丨ㄢˋ併讀為ㄑ丨ㄢ。
360,嶄,ㄓㄢˇ,嶄露、嶄新,
361,嶸,ㄖㄨㄥˊ,崢嶸,ㄏㄨㄥˊ併讀為ㄖㄨㄥˊ。
362,巫,ㄨ,小巫見大巫、巫婆,ㄨˊ併讀為ㄨ。
363,差,"1.ㄔㄚ
2.ㄔㄞ
3.ㄘ
4.ㄘㄨㄛ（限讀）","1.差不多、差勁、差數
2.夫差（人名）、差遣、出差
、郵差
3.參（ㄘㄣ）差
4.景差（人名）",ㄔㄚˋ併讀為ㄔㄚ。
364,巽,ㄒㄩㄣˋ,巽令、巽言,ㄙㄨㄣˋ併讀為ㄒㄩㄣˋ。
流水號,國字,審定音,詞語例或說明,備注
,,,,
365,帆,ㄈㄢˊ,帆布、一帆風順,ㄈㄢ併讀為ㄈㄢˊ。
366,帖,ㄊ丨ㄝˇ,碑帖、帖子、字帖、一帖藥,ㄊ丨ㄝˋ併讀為ㄊ丨ㄝˇ。
367,帑,ㄊㄤˇ,公帑、帑藏（ㄗㄤˋ）,
368,帥,ㄕㄨㄞˋ,統帥、帥氣,ㄕㄨㄛˋ併讀為ㄕㄨㄞˋ。
369,幅,ㄈㄨˊ,篇幅、幅度、一幅字畫,
370,幕,ㄇㄨˋ,幕僚、開幕、帳幕,
371,幢,ㄔㄨㄤˊ,鬼影幢幢、幢幡、一幢房子,
372,平,"1.ㄅ丨ㄢˋ
2.ㄆ丨ㄥˊ","1.平章百姓、平獄緩刑（《漢
書》）
2.平均、平常、平上（ㄕㄤˇ
）去入、平章（古官名）、
填平、心平氣和","1.ㄅ丨ㄢˋ音，通「釆」。
2.「平章」一詞：作辨別清楚義
，音ㄅ丨ㄢˋ；作官職義，音
ㄆ丨ㄥˊ。"
373,并,"1.ㄅ丨ㄥˋ
2.ㄅ丨ㄥ（限讀）","1.并吞、兼并
2.并州（地名）",
374,幹,ㄍㄢˋ,埋頭苦幹、軀幹、樹幹,
375,幾,"1.ㄐ丨
2.ㄐ丨ˇ","1.幾乎、庶幾
2.幾何、幾許",
376,底,ㄉ丨ˇ,底片、底薪、鞋底、月底,
377,度,"1.ㄉㄨˋ
2.ㄉㄨㄛˋ","1.度日如年、態度、角度、制
度、置之度外、再度
2.度量、揣度",
378,庸,ㄩㄥ,中庸、毋庸置疑,ㄩㄥˊ併讀為ㄩㄥ。
379,廁,ㄘㄜˋ,雜廁、廁身其間、廁所,ㄘˋ、ㄙˋ併讀為ㄘㄜˋ。
380,廈,ㄒ丨ㄚˋ,高樓大廈、廈門,ㄕㄚˋ併讀為ㄒ丨ㄚˋ。
流水號,國字,審定音,詞語例或說明,備注
,,,,
381,廨,ㄒ丨ㄝˋ,官廨、廨宇,ㄐ丨ㄝˋ併讀為ㄒ丨ㄝˋ。
382,弁,"1.ㄅ丨ㄢˋ
2.ㄆㄢˊ（限讀）","1.弁言、皮弁、馬弁
2.小弁（《詩經》篇名）",
383,弄,"1.ㄋㄨㄥˋ
2.ㄌㄨㄥˋ（限讀）","1.調絃弄管、戲弄、玩弄
2.巷弄",
384,弛,ㄔˊ,廢弛、弛弓、鬆弛,ㄕˇ併讀為ㄔˊ。
385,弟,"1.ㄉ丨ˋ
2.ㄊ丨ˋ","1.弟子、兄弟
2.不弟、孝弟",ㄊ丨ˋ音，同「悌」。
386,張,ㄓㄤ,東張西望、誇張、張羅、主張,
387,強,"1.ㄐ丨ㄤˋ
2.ㄑ丨ㄤˊ
3.ㄑ丨ㄤˇ","1.強脾氣、倔（ㄐㄩㄝˊ）強
2.強盜、強權、強壯、弱肉強
食
3.勉強、強迫、強詞奪理","健壯有力，音ㄑ丨ㄤˊ；執意迫
使，音ㄑ丨ㄤˇ。"
388,彈,"1.ㄉㄢˋ
2.ㄊㄢˊ","1.彈道、彈弓、彈子房、炸彈
2.彈腿、彈劾、彈簧、彈性",
389,彊,"1.ㄑ丨ㄤˊ
2.ㄑ丨ㄤˇ
3.ㄐ丨ㄤˋ","1.彊梁、彊弩之末、彊禦
2.勉彊、彊顏歡笑
3.「彊不可使者，皆斬之。」
（《史記》）",
390,彷,"1.ㄆㄤˊ
2.ㄈㄤˇ（限讀）","1.彷徨、彷徉
2.彷彿",
391,待,"1.ㄉㄞ
2.ㄉㄞˋ","1.待不了、待一會兒
2.待人接物、待遇、對待、坐
以待斃",
392,徊,ㄏㄨㄟˊ,徘徊、低徊,"ㄏㄨㄞˊ併讀為ㄏㄨㄟˊ。惟疊韻
詞「徘徊」或古詩詞押韻時，「
徊」仍可讀作ㄏㄨㄞˊ。"
393,徇,ㄒㄩㄣˋ,"徇國忘家、徇私、「夫徇耳目
內通而外於心知。」（《莊子
》）",ㄒㄩㄣˊ併讀為ㄒㄩㄣˋ。
394,得,"1.ㄉㄜˊ
2.˙ㄉㄜ","1.不得了、得到、得意、何以
見得
2.跑得高、跳得遠",
流水號,國字,審定音,詞語例或說明,備注
,,,,
,,3.ㄉㄟˇ,"3.總得、「這件事非得這麼做
不可。」",
395,從,"1.ㄗㄨㄥˋ
2.ㄘㄨㄥˊ
3.ㄗㄨㄥ
4.ㄘㄨㄥ（限讀）","1.侍從、從犯、從兄弟
2.力不從心、跟從、順從、從
前、言聽計從
3.從衡、「變事從跡安起？」
（《漢書》）
4.從容",ㄗㄨㄥ音，同「縱」、「蹤」。
396,御,ㄩˋ,駕御、御醫,
397,復,ㄈㄨˋ,"報復、平復、反復、康復、死
灰復燃、「今夕復何夕？」（
唐．杜甫〈贈衛八處士〉詩）",ㄈㄡˋ併讀為ㄈㄨˋ。
398,徬,ㄆㄤˊ,徬徨,
399,微,ㄨㄟˊ,卑微、細微、稍微、衰微,ㄨㄟ併讀為ㄨㄟˊ。
400,徵,"1.ㄓㄥ
2.ㄓˇ（限讀）","1.徵信、徵兆、徵召、徵稅、
應徵
2.徵調（古代五音：宮、商、
角、徵、羽）",
401,徼,"1.ㄐ丨ㄠ
2.ㄐ丨ㄠˇ
3.ㄐ丨ㄠˋ","1.「惡徼以為知者。」（《論
語》）
2.徼幸（同「僥倖」）
3.徼外、徼循",
402,忘,ㄨㄤˋ,好利忘義、遺忘、忘年,ㄨㄤˊ併讀為ㄨㄤˋ。
403,忪,"1.ㄓㄨㄥ
2.ㄙㄨㄥ","1.怔（ㄓㄥ）忪
2.惺忪",
404,怔,"1.ㄌㄥˋ
2.ㄓㄥ","1.怔怔、怔呵呵
2.怔忪（ㄓㄨㄥ）、怔忡",ㄌㄥˋ音，通「愣」。
405,怯,ㄑㄩㄝˋ,膽怯、怯場、羞怯,ㄑ丨ㄝˋ併讀為ㄑㄩㄝˋ。
406,怜,"1.ㄌ丨ㄥˊ
2.ㄌ丨ㄢˊ","1.怜悧（同「伶俐」）
2.「憐」之異體字。",
流水號,國字,審定音,詞語例或說明,備注
,,,,
407,思,"1.ㄙ
2.ㄙㄞ","1.相思、思慕、思考、思前想
後、文思泉湧
2.「于思于思，棄甲復來。」
（《左傳》）",ㄙˋ併讀為ㄙ。
408,怎,ㄗㄣˇ,怎麼、怎知,ㄗㄜˇ併讀為ㄗㄣˇ。
409,怨,ㄩㄢˋ,抱怨、恩怨分明、怨天尤人,ㄩㄢ併讀為ㄩㄢˋ。
410,恫,"1.ㄉㄨㄥˋ
2.ㄊㄨㄥ","1.恫嚇
2.恫瘝（ㄍㄨㄢ）、哀恫",
411,恪,ㄎㄜˋ,恪守、恪遵,ㄑㄩㄝˋ併讀為ㄎㄜˋ。
412,恣,ㄗˋ,放恣、恣意、汪洋自恣,ㄗ、ㄘ併讀為ㄗˋ。
413,悚,ㄙㄨㄥˇ,毛骨悚然、震悚,
414,悖,ㄅㄟˋ,悖禮、並行不悖,
415,惡,"1.ㄜˋ
2.ㄨ
3.ㄨˋ","1.欺善怕惡、罪惡、惡化
2.「惡！是何言也？」（《孟
子》）
3.可惡、羞惡之心、厭惡",
416,悶,"1.ㄇㄣ
2.ㄇㄣˋ","1.悶不吭聲、悶頭、悶聲不響
、悶熱
2.悶悶不樂、煩悶","密閉、氣流不暢，音ㄇㄣ；煩懣
，音ㄇㄣˋ。"
417,愣,ㄌㄥˋ,愣頭愣腦、愣住、二愣子,ㄌㄥ併讀為ㄌㄥˋ。
418,惺,ㄒ丨ㄥ,假惺惺、惺忪（ㄙㄨㄥ）,ㄒ丨ㄥˇ併讀為ㄒ丨ㄥ。
419,慨,ㄎㄞˇ,感慨、慨然允諾、慷慨,ㄎㄞˋ併讀為ㄎㄞˇ
420,愀,ㄑ丨ㄠˇ,愀愴、愀然,ㄐ丨ㄡˇ併讀為ㄑ丨ㄠˇ。
421,愒,"1.ㄎㄞˋ
2.ㄑ丨ˋ","1.愒日、玩日愒歲
2.「民亦勞止，汔可小愒。」
（《詩經》）、「有一客姥",ㄑ丨ˋ音，通「憩」。
流水號,國字,審定音,詞語例或說明,備注
,,,,
,,,"，居店賣食。帝過愒之。」
（《世說新語》）",
422,感,ㄍㄢˇ,百感交集、感動、感染,
423,愾,ㄎㄞˋ,憤愾、同仇敵愾,
424,慷,ㄎㄤ,慷慨,ㄎㄤˇ併讀為ㄎㄤ。
425,慵,ㄩㄥ,嬌慵、疏慵、慵懶,ㄩㄥˊ併讀為ㄩㄥ。
426,應,"1.丨ㄥ
2.丨ㄥˋ","1.罪有應得、應該
2.報應、應對、應驗",
427,懋,ㄇㄠˋ,"懋績、懋遷；姓（如明代有懋
國輔）。",ㄇㄡˋ併讀為ㄇㄠˋ。
428,懶,ㄌㄢˇ,"懶惰、心灰意懶、伸懶腰、慵
懶",
429,懵,ㄇㄥˊ,懵懂、懵然未覺,ㄇㄥˇ併讀為ㄇㄥˊ。
430,懾,ㄓㄜˊ,懾服、震懾,ㄕㄜˋ併讀為ㄓㄜˊ。
431,我,ㄨㄛˇ,"你來我往、卿卿我我、正合我
意、自我、我國",ㄜˇ併讀為ㄨㄛˇ。
432,戚,ㄑ丨,悲戚、親戚,
433,戲,"1.ㄒ丨ˋ
2.ㄏㄨ（限讀）","1.戲弄、戲水、遊戲、演戲
2.於戲（ㄨ ㄏㄨ，同「嗚呼
」）",
434,扁,"1.ㄅ丨ㄢˇ
2.ㄆ丨ㄢ","1.扁平、扁擔、扁食
2.扁舟",
435,扃,ㄐㄩㄥ,門不夜扃、扃戶,
436,扇,"1.ㄕㄢ
2.ㄕㄢˋ","1.扇動、扇枕溫席
2.門扇、扇子",ㄕㄢ音，通「煽」、「搧」。
437,扎,"1.ㄓㄚ
2.ㄓㄚˊ","1.扎根、扎手
2.掙扎",
流水號,國字,審定音,詞語例或說明,備注
,,,,
438,打,ㄉㄚˇ,"打鬥、打電話、打鐵趁熱、打
針",ㄉㄚˊ併讀為ㄉㄚˇ。
439,扔,ㄖㄥ,扔下、「把球扔過來。」,ㄖㄥˇ併讀為ㄖㄥ。
440,扒,"1.ㄅㄚ
2.ㄆㄚˊ","1.扒著欄杆、扒住、扒衣服
2.扒手、豬扒、手扒雞",
441,扛,"1.ㄍㄤ
2.ㄎㄤˊ","1.扛鼎、扛桌子
2.扛槍、扛責任","用兩手舉，音ㄍㄤ；以肩荷物，
音ㄎㄤˊ。"
442,把,"1.ㄅㄚˇ
2.ㄅㄚˋ","1.把持、把關、火把、一把傘
2.刀把兒、槍把",ㄅㄞˇ併讀為ㄅㄚˇ。
443,扳,ㄅㄢ,扳倒、扳回一城、扳機、扳手,
444,折,"1.ㄓㄜ
2.ㄓㄜˊ
3.ㄕㄜˊ","1.折莫（同「遮莫」）、折騰
2.百折不撓、打折、折扣、挫
折
3.折本、折耗",
445,抓,ㄓㄨㄚ,抓住、抓癢,ㄓㄠ併讀為ㄓㄨㄚ。
446,拌,ㄅㄢˋ,拌嘴、涼拌、攪拌,
447,拂,ㄈㄨˊ,"拂面、拂袖、紅拂記（書名
）",
448,抹,"1.ㄇㄛˇ
2.ㄇㄛˋ","1.抹布、抹殺、塗抹
2.抹灰、拐彎抹角、「輕攏慢
撚抹復挑。」（唐．白居易
〈琵琶行〉）",
449,招,ㄓㄠ,絕招、招供、招生、招惹,
450,披,ㄆ丨,披肝瀝膽、披荊斬棘、披卷,ㄆㄟ併讀為ㄆ丨。
451,拓,"1.ㄊㄚˋ
2.ㄊㄨㄛˋ","1.拓碑、拓本
2.拓跋（複姓，如北魏有拓跋
珪）、拓荒、落拓、開拓",
452,拈,ㄋ丨ㄢˊ,拈弄、拈花惹草、拈香,
流水號,國字,審定音,詞語例或說明,備注
,,,,
453,押,丨ㄚ,畫押、羈押、押寶、押解,丨ㄚˊ併讀為丨ㄚ。
454,拍,ㄆㄞ,拍照、拍手、節拍,ㄆㄛˋ併讀為ㄆㄞ。
455,抵,ㄉ丨ˇ,"抵達、抵抗、抵住、抵償、抵
觸",ㄉ丨ˊ併讀為ㄉ丨ˇ。
456,拗,"1.ㄋ丨ㄡˋ
2.ㄠ
3.ㄠˇ
4.ㄠˋ","1.脾氣真拗、拗不過、拗相公
、拗性、執拗
2.硬拗、「不要拗了！」
3.拗花、拗曲作直
4.拗口、違拗","1.丨ㄠˋ併讀為ㄠˋ。
2.性情不順，音ㄋ丨ㄡˋ；行為
不順，音ㄠˋ。
3.ㄠ音源於閩南語，指強詞奪理
。"
457,拆,ㄔㄞ,過河拆橋、拆卸,ㄔㄜˋ併讀為ㄔㄞ。
458,挖,ㄨㄚ,挖空心思、挖掘,ㄨㄚˊ併讀為ㄨㄚ。
459,拽,ㄓㄨㄞˋ,東扯西拽、生拉硬拽,丨ㄝˋ併讀為ㄓㄨㄞˋ。
460,括,"1.ㄍㄨㄚ
2.ㄎㄨㄛˋ（限讀）","1.包括、概括、括號、搜括
2.括約肌",
461,拾,"1.ㄕˊ
2.ㄕㄜˋ（限讀）","1.撿拾、拾圓硬幣
2.拾級",
462,挑,"1.ㄊ丨ㄠ
2.ㄊ丨ㄠˇ","1.挑夫、挑剔、挑土、挑選
2.挑撥、挑筆、挑眉、挑逗、
挑燈",
463,捎,ㄕㄠ,捎帶、捎信,
464,挾,ㄒ丨ㄚˊ,"挾帶、挾天子以令諸侯、挾勢
、挾怨",ㄒ丨ㄝˊ併讀為ㄒ丨ㄚˊ。
465,振,ㄓㄣˋ,"振臂一呼、振幅、士氣大振、
威振天下",
466,捕,ㄅㄨˇ,捕魚、逮捕、巡捕,ㄅㄨˋ併讀為ㄅㄨˇ
467,挨,ㄞ,挨打、挨家挨戶、挨著,ㄞˊ併讀為ㄞ。
468,捋,"1.ㄌㄜˋ
2.ㄌㄨㄛ","1.捋虎鬚
2.捋臂捲袖、捋汗、捋袖子",
流水號,國字,審定音,詞語例或說明,備注
,,,,
,,3.ㄌㄩˇ,3.捋鬍鬚,
469,挲,ㄙㄨㄛ,摩挲,
470,掖,"1.丨ㄝ
2.丨ㄝˋ","1.藏（ㄘㄤˊ）掖、掖在袖裡
2.獎掖、掖門、掖縣（地名）",丨ˋ併讀為丨ㄝˋ。
471,探,ㄊㄢˋ,"探聽、探路、探究、探親、偵
探",ㄊㄢ併讀為ㄊㄢˋ。
472,掃,"1.ㄙㄠˇ
2.ㄙㄠˋ","1.掃地、掃興
2.掃把、掃帚",
473,掄,"1.ㄌㄨㄣ
2.ㄌㄨㄣˊ","1.掄眉豎目、掄拳
2.掄材",
474,掙,"1.ㄓㄥ
2.ㄓㄥˋ","1.掙面子、掙脫、掙扎
2.掙命、掙錢",
475,排,ㄆㄞˊ,"排隊、排練、排球、排斥、排
除、排山倒海、牛排",
476,捻,ㄋ丨ㄢˇ,燈捻、捻匪、捻繩,
477,捩,ㄌ丨ㄝˋ,轉捩點,
478,捽,ㄗㄨˊ,捽脫、捽扯,ㄗㄨㄛˊ併讀為ㄗㄨˊ。
479,掇,ㄉㄨㄛˊ,掇拾、掇送、拈掇,ㄉㄨㄛ併讀為ㄉㄨㄛˊ。
480,据,"1.ㄐㄩ
2.ㄐㄩˋ","1.拮据
2.「據」之異體字。",
481,揆,ㄎㄨㄟˊ,閣揆、揆情度（ㄉㄨㄛˋ）理,ㄎㄨㄟˇ併讀為ㄎㄨㄟˊ。
482,提,ㄊ丨ˊ,"提拔、提名、提防、提款、提
神、提議",
483,揖,丨,作揖、揖讓,
484,揭,"1.ㄐ丨ㄝ
2.ㄑ丨ˋ","1.揭幕、揭發、揭露、揭竿而
起、揭櫫、揭穿
2.「深則厲，淺則揭。」（《
詩經》）",
流水號,國字,審定音,詞語例或說明,備注
,,,,
485,揄,ㄩˊ,揶揄、揄揚,
486,搽,ㄔㄚˊ,搽旦、搽灰抹土,ㄘㄚ併讀為ㄔㄚˊ。
487,搶,"1.ㄑ丨ㄤ
2.ㄑ丨ㄤˇ","1.搶風、「以頭搶地爾。」（
《戰國策》）
2.搶奪、搶購、搶劫、搶修",ㄔㄨㄤˇ併讀為ㄑ丨ㄤ。
488,搐,ㄔㄨˋ,抽搐、搐動、搐縮,
489,撇,"1.ㄆ丨ㄝ
2.ㄆ丨ㄝˇ","1.撇開、撇棄、撇清、撇下
2.八字沒一撇、撇嘴",
490,摘,ㄓㄞ,指古摘今、摘錄、摘花,
491,摸,ㄇㄛ,"摸四圈、偷雞摸狗、捉摸、觸
摸、「他摸了老半天才出門。
」、「從袋裡摸出皮夾。」",ㄇㄠ併讀為ㄇㄛ。
492,摟,"1.ㄌㄡ
2.ㄌㄡˊ
3.ㄌㄡˇ","1.摟攬、摟貨、摟錢、摟搜
2.「摟，曳聚也。」（《說文
》）
3.摟抱、摟在懷裡",
493,摺,ㄓㄜˊ,摺紙、摺扇、存摺,ㄓㄜˇ併讀為ㄓㄜˊ。
494,摻,"1.ㄔㄢ
2.ㄕㄢˇ
3.ㄘㄢˋ","1.摻水、摻雜
2.「摻執子之袪兮。」（《詩
經》）
3.漁陽摻撾（鼓曲名）",
495,摩,ㄇㄛˊ,摩天大樓、摩擦、觀摩,
496,撞,ㄓㄨㄤˋ,頂撞、撞見、衝撞,ㄔㄨㄤˊ併讀為ㄓㄨㄤˋ。
497,撈,"1.ㄌㄠ
2.ㄌㄠˊ（限讀）","1.撈麵、撈取
2.撈什子（同「勞什子」）",
498,撕,"1.ㄙ
2.ㄒ丨（限讀）","1.撕破臉、撕開、撕毀
2.提撕",
499,撩,ㄌ丨ㄠˊ,撩撥、撩人、眼花撩亂,
流水號,國字,審定音,詞語例或說明,備注
,,,,
500,撒,"1.ㄙㄚ
2.ㄙㄚˇ","1.撒旦、撒謊、撒嬌、撒手、
撒野、撒網
2.撒落、撒種",
501,撮,ㄘㄨㄛˋ,公撮、撮合,"ㄗㄨㄛˇ、ㄘㄨㄛ併讀為ㄘㄨㄛˋ
。"
502,撬,ㄑ丨ㄠˋ,撬門、撬開,ㄑ丨ㄠ併讀為ㄑ丨ㄠˋ。
503,撢,ㄉㄢˇ,雞毛撢子、「撢一撢灰塵。」,
504,撣,"1.ㄉㄢˇ
2.ㄕㄢˋ（限讀）","1.布撣子、撣灰
2.撣族（民族名）",
505,擁,ㄩㄥˇ,簇擁、擁抱、擁有,ㄩㄥ併讀為ㄩㄥˇ。
506,擋,"1.ㄉㄤˇ
2.ㄉㄤˋ","1.排擋、阻擋
2.摒（ㄅ丨ㄥˋ）擋",
507,擄,ㄌㄨˇ,擄掠、擄人勒贖,ㄌㄨㄛˇ併讀為ㄌㄨˇ
508,擇,ㄗㄜˊ,飢不擇食、選擇,ㄓㄞˊ併讀為ㄗㄜˊ。
509,擂,ㄌㄟˊ,擂臺、擂鼓、自吹自擂,ㄌㄟˋ併讀為ㄌㄟˊ。
510,操,ㄘㄠ,"體操、重操舊業、操兵、操刀
、操行、穩操勝算",ㄘㄠˋ併讀為ㄘㄠ。
511,擔,"1.ㄉㄢ
2.ㄉㄢˋ","1.扁擔、擔心、擔水、承擔
2.擔擔麵、重擔、一擔米",
512,擰,"1.ㄋ丨ㄥˇ
2.ㄋ丨ㄥˋ","1.擰乾、擰開、「弄擰了！」
2.擰性、「這小孩脾氣真擰！
」",ㄋ丨ㄥˊ併讀為ㄋ丨ㄥˇ。
513,擻,ㄙㄡˇ,抖擻,
514,擷,ㄐ丨ㄝˊ,擷取、採擷,ㄒ丨ㄝˊ併讀為ㄐ丨ㄝˊ。
515,攘,ㄖㄤˊ,"熙來攘往、擾攘、攘臂、攘外
安內、尊王攘夷",ㄖㄤˇ併讀為ㄖㄤˊ。
516,攝,1.ㄋ丨ㄝˋ,"1.「天下攝然，人安其生。」
（《漢書》）",
流水號,國字,審定音,詞語例或說明,備注
,,,,
,,2.ㄕㄜˋ,2.拍攝、攝取、攝政,
517,攜,ㄒ丨,攜家帶眷、攜手,ㄒ丨ㄝˊ併讀為ㄒ丨。
518,攢,"1.ㄗㄢˇ
2.ㄘㄨㄢˊ","1.積攢、攢錢
2.攢眉、攢聚、萬頭攢動","財物積聚，音ㄗㄢˇ；餘則音ㄘ
ㄨㄢˊ。"
519,攣,ㄌㄨㄢˊ,痙攣、拘攣,"ㄌㄩㄢˊ、ㄌ丨ㄢˋ併讀為ㄌㄨㄢ
ˊ。"
520,攪,ㄐ丨ㄠˇ,"打攪、攪拌、攪亂、攪和（ㄏ
ㄨㄛˋ）",
521,放,"1.ㄈㄤˇ
2.ㄈㄤˋ","1.「放於利而行。」（《論語
》）
2.百花齊放、放大、放牛、放
假、放棄、放逐",
522,敖,ㄠˊ,"敖遊、「敖其婦女。」（《管
子》）",
523,教,"1.ㄐ丨ㄠ
2.ㄐ丨ㄠˋ","1.教書、教一識百
2.佛教、教材、教學、教學相
長、教唆、教育、因材施教","單用作動詞時，音ㄐ丨ㄠ，餘則
音ㄐ丨ㄠˋ。"
524,敦,"1.ㄉㄨㄟˋ
2.ㄉㄨㄣ","1.敦槃（銅器名）
2.敦品勵學、敦煌、敦厚、敦
親睦鄰、敦請",
525,散,"1.ㄙㄢˇ
2.ㄙㄢˋ","1.懶散、散亂、散光、散文、
一盤散沙、丸散
2.分散、散播、散步、散熱","名詞與內部組織不緊密義，音ㄙ
ㄢˇ，餘則音ㄙㄢˋ。"
526,數,"1.ㄕㄨˇ
2.ㄕㄨˋ
3.ㄕㄨㄛˋ
4.ㄘㄨˋ（限讀）","1.數來寶、數落
2.數目、數學
3.數見不鮮（ㄒ丨ㄢ）、數數
4.數罟",
527,敺,ㄑㄩ,"為淵敺魚、「為湯武敺民者，
桀與紂也。」（《孟子》）",
528,斁,"1.ㄉㄨˋ
2.丨ˋ","1.攸（丨ㄡ）斁
2.無斁",
529,文,"1.ㄨㄣˊ
2.ㄨㄣˋ","1.文質彬彬、文字
2.文過飾非、文飾",
530,斐,ㄈㄟˇ,斐濟、斐然,ㄈㄟ併讀為ㄈㄟˇ。
流水號,國字,審定音,詞語例或說明,備注
,,,,
531,斜,ㄒ丨ㄝˊ,傾斜、斜坡、斜視,"ㄒ丨ㄚˊ併讀為ㄒ丨ㄝˊ。惟古詩
詞押韻時，仍可讀作ㄒ丨ㄚˊ。"
532,斡,ㄨㄛˋ,迴斡、斡旋,
533,於,"1.ㄨ
2.ㄩˊ","1.於菟、於戲（ㄨ ㄏㄨ，同
「鳴呼」）
2.定於一尊、於今、於是、於
事無補",
534,施,"1.ㄕ
2.丨ˊ","1.布施、施行、施捨；姓（如
清代有施琅）。
2.施施、「施從良人之所之。
」（《孟子》）",
535,旁,ㄆㄤˊ,"旁邊、旁門左道、旁徵博引、
旁人",
536,旋,"1.ㄒㄩㄢˊ
2.ㄒㄩㄢˋ","1.凱旋、旋律、旋即、斡旋
2.旋風、旋球",
537,日,"1.ㄖˋ
2.ㄇ丨ˋ（限讀）","1.春日、生日、日薄西山、日
子、日月、日用品
2.金日磾（ㄐ丨ㄣ ㄇ丨ˋ
ㄉ丨，人名，西漢時人）",
538,昔,ㄒ丨ˊ,奶昔、昔日、往昔,
539,昆,"1.ㄎㄨㄣ
2.ㄏㄨㄣˊ（限讀）","1.昆仲、昆蟲
2.昆邪（ㄏㄨㄣˊ 丨ㄝˊ，匈
奴部落名）",
540,昳,"1.ㄉ丨ㄝˊ
2.丨ˋ","1.日昳、自晡至昳
2.昳麗",
541,晃,"1.ㄏㄨㄤˇ
2.ㄏㄨㄤˋ","1.亮晃晃、晃耀、「窗外人影
一晃。」
2.晃蕩、搖晃、「轎子一晃一
晃。」","光亮及閃動義，音ㄏㄨㄤˇ；搖
動義，音ㄏㄨㄤˋ。"
542,晟,"1.ㄔㄥˊ
2.ㄕㄥˋ（限讀）","1.「晟，明也。」（《集韻》
）
2.大晟府",
543,景,ㄐ丨ㄥˇ,景仰、景物、春和景明,
流水號,國字,審定音,詞語例或說明,備注
,,,,
544,暇,ㄒ丨ㄚˊ,閒暇、應接不暇,ㄒ丨ㄚˋ併讀為ㄒ丨ㄚˊ。
545,暈,"1.ㄩㄣ
2.ㄩㄣˋ","1.頭暈眼花、暈倒、暈車
2.墨暈、酒暈、月暈、暈開","1.丨ㄣˋ併讀為ㄩㄣˋ。
2.凡與頭昏有關，音ㄩㄣ。"
546,暖,"1.ㄋㄨㄢˇ
2.ㄒㄩㄢ（限讀）","1.暖炕、暖和（˙ㄏㄨㄛ）、
暖酒、暖壽、溫暖
2.暖姝",ㄋㄤˇ併讀為ㄋㄨㄢˇ。
547,暍,ㄏㄜˋ,暍暍、暍人,丨ㄝˋ併讀為ㄏㄜˋ。
548,暝,ㄇ丨ㄥˊ,暝色、昏暝,ㄇ丨ㄥˋ併讀為ㄇ丨ㄥˊ。
549,暫,ㄓㄢˋ,短暫、暫停、暫時,ㄗㄢˋ併讀為ㄓㄢˋ。
550,暴,"1.ㄅㄠˋ
2.ㄆㄨˋ","1.暴斃、暴虐、暴躁
2.暴露、一暴十寒",
551,曲,"1.ㄑㄩ
2.ㄑㄩˇ","1.曲突徙薪、曲棍球、曲線、
歪曲、委曲求全、彎曲
2.歌曲、高歌一曲、曲高和寡
、元曲",
552,曳,丨ˋ,拖曳、曳引機、搖曳,丨ㄝˋ併讀為丨ˋ。
553,更,"1.ㄍㄥ
2.ㄍㄥˋ","1.變更、更夫、更生人、少不
更事、自力更生、三更半夜
2.更好、更上層樓",
554,曾,"1.ㄗㄥ
2.ㄘㄥˊ","1.曾祖父、曾孫；姓（如春秋
時有曾參）。
2.曾經、似曾相識、未曾",
555,會,"1.ㄎㄨㄞˋ
2.ㄏㄨㄟˇ
3.ㄏㄨㄟˋ
4.ㄍㄨㄟˋ（限讀）","1.會計；姓（如漢代有會栩）
。
2.一會兒
3.都會、農會、領會、機會
4.會稽（地名）",
556,有,"1.丨ㄡˇ
2.丨ㄡˋ","1.富有、有目共睹、有教無類
、有效、應有盡有
2.「吾十有五而志於學。」（
《論語》）",
流水號,國字,審定音,詞語例或說明,備注
,,,,
557,期,"1.ㄐ丨
2.ㄑ丨ˊ","1.期服、期年
2.期待、期限、期望、日期",ㄑ丨併讀為ㄑ丨ˊ。
558,朝,"1.ㄓㄠ
2.ㄔㄠˊ","1.朝露、朝會、朝氣蓬勃、有
朝一日
2.朝代、朝廷、朝覲、朝聖",
559,朴,"1.ㄆㄛˋ
2.ㄆㄨˊ","1.朴硝、厚朴（植物名）
2.抱朴子（書名）、朴實、素
朴",
560,朱,ㄓㄨ,"近朱者赤、朱門、朱砂；姓（
如宋代有朱熹）。",
561,杉,ㄕㄢ,洛杉磯（地名）、杉木,ㄕㄚ併讀為ㄕㄢ。
562,杠,ㄍㄤ,徒杠、杠梁,
563,杓,"1.ㄅ丨ㄠ
2.ㄕㄠˊ","1.斗杓
2.杯杓、後腦杓",
564,枕,"1.ㄓㄣˇ
2.ㄓㄣˋ","1.枕邊細語、枕木、枕骨
2.枕戈待旦、「曲肱而枕之。
」（《論語》）",
565,杷,ㄆㄚˊ,枇杷,ㄅㄚ併讀為ㄆㄚˊ。
566,枝,ㄓ,枝節、樹枝,
567,枓,"1.ㄉㄡˇ
2.ㄓㄨˇ","1.枓栱
2.吉吉枓枓、「浴水用盆，沃
水用枓。」（《禮記》）",
568,某,"1.ㄇㄟˊ
2.ㄇㄡˇ","1.「梅」之古字。
2.某甲、某些事物、某人",
569,柵,ㄓㄚˋ,木柵、柵欄,ㄕㄢˋ併讀為ㄓㄚˋ。
570,柄,ㄅ丨ㄥˇ,把柄、刀柄、權柄,ㄅ丨ㄥˋ併讀為ㄅ丨ㄥˇ。
571,柑,ㄍㄢ,椪柑、柑橘,
572,查,"1.ㄓㄚ
2.ㄔㄚˊ","1.姓（如五代時有查文徽）。
2.調查、檢查",
流水號,國字,審定音,詞語例或說明,備注
,,,,
573,枸,"1.ㄍㄡ
2.ㄍㄡˇ
3.ㄐㄩˇ","1.「夫枸木必待檃括烝矯然後
直。」（《荀子》）
2.枸骨、枸杞
3.枸櫞",
574,柏,ㄅㄛˊ,柏樹、柏油,ㄅㄞˇ併讀為ㄅㄛˊ。
575,柞,"1.ㄗㄜˊ
2.ㄗㄨㄛˋ","1.「載芟載柞。」（《詩經》
）
2.柞蠶",
576,枹,ㄈㄨˊ,枹鼓,ㄈㄨ併讀為ㄈㄨˊ。
577,校,"1.ㄐ丨ㄠˋ
2.ㄒ丨ㄠˋ","1.校對、校量、校閱
2.校友、校尉、學校、上校",
578,桔,"1.ㄐ丨ㄝˊ
2.ㄐㄩˊ","1.桔槔、桔梗
2.「橘」之異體字。",
579,柴,ㄔㄞˊ,木柴、砍柴、火柴、柴魚,
580,梧,ㄨˊ,魁梧、梧桐,
581,械,ㄒ丨ㄝˋ,刀械、機械、械鬥,ㄐ丨ㄝˋ併讀為ㄒ丨ㄝˋ。
582,梡,ㄎㄨㄢˇ,"「俎，有虞氏以梡。」（《禮記
》）、「梡革為鞠。」（漢．揚雄
《法言》）",
583,梲,ㄓㄨㄛˊ,楶（ㄐ丨ㄝˊ）梲、藻梲,
584,椅,丨ˇ,第一把交椅、椅墊、椅子,
585,棹,"1.ㄓㄠˋ
2.ㄓㄨㄛ","1.飛棹、櫓棹
2.「桌」之異體字。",
586,棲,"1.ㄑ丨
2.ㄒ丨","1.兩棲、棲息、棲身
2.棲遑、棲棲（同「栖栖」）",
587,棣,ㄉ丨ˋ,"棠棣競秀、常棣；姓（如漢代
有棣立）。",
588,棋,ㄑ丨ˊ,舉棋不定、棋逢對手、棋子,
流水號,國字,審定音,詞語例或說明,備注
,,,,
589,椎,"1.ㄓㄨㄟ
2.ㄔㄨㄟˊ","1.脊椎、泣血椎心
2.博浪飛椎、鏈椎",
590,業,丨ㄝˋ,"農業、企業、職業、成家立業
、業障",ㄋ丨ㄝˋ併讀為丨ㄝˋ。
591,楔,ㄒ丨ㄝ,楔形文字、楔子,ㄒ丨ㄝˋ併讀為ㄒ丨ㄝ。
592,楞,"1.ㄌㄥˊ
2.ㄌㄥˋ","1.楞角、楞伽經（佛教典籍）
2.楞住、傻楞楞、瓦楞紙",
593,榜,"1.ㄅㄤˇ
2.ㄅㄥˋ","1.榜樣、標榜、放榜
2.榜歌、榜舟、榜人",
594,槍,"1.ㄑ丨ㄤ
2.ㄔㄥ（限讀）","1.標槍、槍林彈雨、煙槍
2.欃槍（彗星名）",
595,榦,"1.ㄍㄢˋ
2.ㄏㄢˊ","1.國之楨榦、樹榦
2.井榦（同「井幹（ㄏㄢˊ）
」）",
596,樣,丨ㄤˋ,榜樣、模樣、樣品,
597,標,ㄅ丨ㄠ,"標新立異、標示、投標、錦標
、商標",
598,模,ㄇㄛˊ,模範、模仿、模稜兩可、模樣,ㄇㄨˊ併讀為ㄇㄛˊ。
599,樂,"1.ㄌㄜˋ
2.丨ㄠˋ
3.ㄩㄝˋ","1.樂天知命、樂觀其成、樂此
不疲、快樂
2.「仁者樂山。」（《論語》
）
3.音樂、樂經（書名）、樂器
；姓（如戰國時有樂毅）。",
600,橫,"1.ㄏㄥˊ
2.ㄏㄥˋ","1.橫行霸道、橫生枝節、縱橫
2.蠻橫、橫政、橫財、橫死",
601,橇,ㄑ丨ㄠ,冰橇、雪橇,ㄘㄨㄟˋ併讀為ㄑ丨ㄠ。
602,樨,ㄒ丨,木樨、樨枳子、草木樨,ㄒㄩ併讀為ㄒ丨。
603,檔,ㄉㄤˇ,"八點檔、搭檔、檔案、高檔、
這檔事",ㄉㄤˋ併讀為ㄉㄤˇ。
流水號,國字,審定音,詞語例或說明,備注
,,,,
604,檜,ㄎㄨㄞˋ,檜木,ㄍㄨㄟˋ併讀為ㄎㄨㄞˋ。
605,檐,"1.丨ㄢˊ
2.ㄉㄢˋ","1.房檐、滴水檐、重（ㄔㄨㄥ
ˊ）檐
2.「擔」之異體字。",
606,檳,ㄅ丨ㄣ,檳榔、香檳,ㄅ丨ㄥ併讀為ㄅ丨ㄣ。
607,檻,"1.ㄎㄢˇ
2.ㄐ丨ㄢˋ","1.門檻
2.檻車、檻猿籠鳥、「直欄橫
檻，多於九土之城郭。」（
唐．杜牧〈阿房宮賦〉）",
608,櫟,"1.ㄌ丨ˋ
2.ㄩㄝˋ（限讀）","1.櫟散、樗櫟
2.櫟陽（古地名）",
609,欏,ㄌㄨㄛˊ,杪欏,
610,次,ㄘˋ,名次、其次、次要,
611,欬,"1.ㄎㄞˋ
2.ㄎㄜˊ","1.謦欬、廣欬
2.「咳」之異體字。",
612,欸,"1.ㄞˇ
2.ㄟˋ","1.欸乃
2.「欸！我可以照辦。」",ㄞ併讀為ㄞˇ。
613,欹,"1.ㄑ丨
2.丨","1.「欹，歎詞。」（《廣韻》
）
2.「攲」之異體字。",
614,歐,ㄡ,歐巴桑、歐洲,
615,歙,"1.ㄒ丨ˋ
2.ㄕㄜˋ","1.歙歙、歙張
2.歙縣（地名）、歙硯",
616,正,"1.ㄓㄥ
2.ㄓㄥˋ","1.正鵠、正朔、正月
2.立正、正本清源、正好、正
確、正直、純正",
617,歪,"1.ㄨㄞ
2.ㄨㄞˇ（限讀）","1.邪門歪道、歪斜
2.歪了腳",
618,歸,ㄍㄨㄟ,歸國、完璧歸趙、于歸,
流水號,國字,審定音,詞語例或說明,備注
,,,,
619,歹,ㄉㄞˇ,歹徒、為非作歹,
620,殷,"1.丨ㄣ
2.丨ㄣˇ
3.丨ㄢ（限讀）","1.殷鑑不遠、殷切、殷勤、殷
實、殷商；姓（如唐代有殷
令名）。
2.殷天動地、「殷，雷聲。」
（《集韻》）
3.殷紅",
621,殺,"1.ㄕㄚ
2.ㄕㄞˋ","1.殺風景、殺價、殺青、殺一
儆百
2.其勢稍殺、「親親之殺也。
」（《禮記》）",
622,殼,ㄎㄜˊ,貝殼、蛋殼、地殼,"ㄑ丨ㄠˋ、ㄑㄩㄝˋ併讀為ㄎㄜˊ
。"
623,毒,ㄉㄨˊ,毒害、毒品、惡毒,
624,比,"1.ㄅ丨ˇ
2.ㄅ丨ˋ","1.比目魚、比方、比較、比手
畫腳、比翼鳥、評比、對比
2.比比皆是、比年、比鄰、比
肩、排比、朋比為奸",
625,氏,"1.ㄕˋ
2.ㄓ（限讀）","1.伏羲氏、姓氏、和氏壁
2.月氏",
626,氐,ㄉ丨,"氐族、氐宿、「封君皆氐首仰
給焉。」（《漢書》）",
627,氓,"1.ㄇㄥˊ
2.ㄇㄤˊ（限讀）","1.編氓、氓隸
2.流氓",
628,氯,ㄌㄩˋ,氯黴素、氯氣,ㄌㄨˋ併讀為ㄌㄩˋ。
629,氾,ㄈㄢˋ,氾博、氾濫成災、氾愛,
630,汗,"1.ㄏㄢˋ
2.ㄏㄢˊ（限讀）","1.汗牛充棟、汗衫、汗顏
2.可（ㄎㄜˋ）汗",
631,汙,ㄨ,藏汙納垢、汙染、汙水,
632,沈,ㄕㄣˇ,姓（如清代有沈葆楨）。,"依《國字標準字體表》「沈」、
「沉」分開原則：「沈」，音ㄕ"
流水號,國字,審定音,詞語例或說明,備注
,,,,
,,,,ㄣˇ；「沉」，音ㄔㄣˊ。
633,沉,ㄔㄣˊ,低沉、沉沒（ㄇㄛˋ）、沉睡,"依《國字標準字體表》「沈」、
「沉」分開原則：「沉」，音ㄔ
ㄣˊ；「沈」，音ㄕㄣˇ。"
634,沒,"1.ㄇㄛˋ
2.ㄇㄟˊ","1.沒收、沉沒
2.沒有、沒用",
635,沃,ㄨㄛˋ,肥沃、以湯沃雪、沃野千里,ㄨˋ併讀為ㄨㄛˋ。
636,沆,ㄏㄤˋ,沆漭、沆溉、沆瀣一氣,
637,沏,ㄑ丨,沏茶、沏油,
638,汩,"1.ㄍㄨˇ
2.ㄩˋ","1.汩沒、汩亂、汩汩
2.汩流",
639,泌,"1.ㄅ丨ˋ
2.ㄇ丨ˋ","1.泌陽（地名）、「泌之洋洋
，可以樂飢。」（《詩經》
）
2.分泌、泌尿",
640,泥,"1.ㄋ丨ˊ
2.ㄋ丨ˋ","1.拖泥帶水、泥土、泥濘、泥
娃娃、爛醉如泥、棗泥
2.泥古不化、拘泥",ㄋ丨ˇ併讀為ㄋ丨ˊ。
641,波,ㄅㄛ,波濤、波紋、奔波,ㄆㄛ併讀為ㄅㄛ。
642,法,"1.ㄈㄚˇ
2.ㄈㄚˊ（限讀）","1.法律、法國、效法
2.法子",ㄈㄚ併讀為ㄈㄚˇ。
643,沸,ㄈㄟˋ,沸點、沸騰、煮沸,
644,泄,"1.ㄒ丨ㄝˋ
2.丨ˋ","1.發泄、泄漏
2.泄沓、泄泄",
645,沮,"1.ㄐㄩ
2.ㄐㄩˇ
3.ㄐㄩˋ","1.沮水（河川名）
2.沮駭、沮壞、沮喪
3.沮洳（ㄖㄨˋ）、沮澤",
646,沿,丨ㄢˊ,沿途、沿岸、沿用,
647,治,ㄓˋ,統治、治家、治水、醫治,
流水號,國字,審定音,詞語例或說明,備注
,,,,
648,泡,"1.ㄆㄠ
2.ㄆㄠˋ","1.泡泡袖、一泡尿、眼泡兒
2.泡泡糖、泡沫、泡茶、水泡",
649,泛,ㄈㄢˋ,泛泛之交、泛舟、空泛,
650,泊,ㄅㄛˊ,淡泊、停泊、湖泊,ㄆㄛˋ併讀為ㄅㄛˊ。
651,沬,"1.ㄇㄟˋ
2.ㄏㄨㄟˋ","1.「豐其沛，日中見沬。」（
《易經》）；古地名。
2.沬血、洿沬",
652,洞,"1.ㄉㄨㄥˋ
2.ㄊㄨㄥˊ","1.洞房花燭、洞悉、山洞
2.鴻洞、澒（ㄏㄨㄥˋ）洞",
653,洗,"1.ㄒ丨ˇ
2.ㄒ丨ㄢˇ","1.洗滌、洗劫
2.洗馬；姓（如明代有洗光）
。",
654,洽,ㄑ丨ㄚˋ,洽談、融洽,ㄒ丨ㄚˊ併讀為ㄑ丨ㄚˋ。
655,洼,"1.ㄍㄨㄟ
2.ㄨㄚ","1.姓（如漢代有洼丹）。
2.水洼、洼地",
656,洒,"1.ㄒ丨ㄢˇ
2.ㄘㄨㄟˇ
3.ㄙㄚˇ
4.ㄒ丨ˇ","1.洒淅、洒然、洒如
2.「新臺有洒。」（《詩經》
）
3.洒家；「灑」之異體字。
4.「洗」之異體字。",
657,洸,ㄍㄨㄤ,"洸洋、「有洸有潰，既詒我肄
。」（《詩經》）",
658,洩,"1.ㄒ丨ㄝˋ
2.丨ˋ","1.發洩、洩露
2.洩洩",
659,浪,ㄌㄤˋ,浪費、浪子、海浪,
660,浸,ㄐ丨ㄣˋ,浸泡、浸漸、浸溼,ㄐ丨ㄣ併讀為ㄐ丨ㄣˋ。
661,浬,ㄌ丨ˇ,海浬,
662,浮,ㄈㄨˊ,"漂浮、浮名、浮現、浮雲、心
浮氣躁、人浮於事",ㄈㄡˊ併讀為ㄈㄨˊ。
流水號,國字,審定音,詞語例或說明,備注
,,,,
663,浣,ㄨㄢˇ,浣熊、浣紗記、浣衣,
664,涎,ㄒ丨ㄢˊ,流涎、垂涎三尺,
665,涼,ㄌ丨ㄤˊ,"涼亭、涼了半截、涼爽、淒涼
、著（ㄓㄠ）涼",
666,液,丨ㄝˋ,血液、溶液、液晶顯示器,丨ˋ併讀為丨ㄝˋ。
667,淺,"1.ㄑ丨ㄢˇ
2.ㄐ丨ㄢ","1.膚淺、淺綠、淺見、淺笑、
淺嚐
2.淺淺",
668,淹,丨ㄢ,淹沒（ㄇㄛˋ）、淹水,丨ㄢˋ併讀為丨ㄢ。
669,混,"1.ㄍㄨㄣˇ
2.ㄏㄨㄣˋ","1.「源泉混混。」（《孟子》
）
2.混蛋、混沌、混合、混濁、
混淆","ㄏㄨㄣˇ、ㄏㄨㄣˊ併讀為ㄏㄨㄣ
ˋ。"
670,涿,ㄓㄨㄛˊ,涿鹿之戰、涿郡（地名）,ㄓㄨㄛ併讀為ㄓㄨㄛˊ。
671,湔,ㄐ丨ㄢ,"湔雪前恥、「訾天下之主，有
侵君者，臣請以臣之血湔其衽
。」（《戰國策》）",
672,渣,ㄓㄚ,豆渣、殘渣,
673,湛,"1.ㄉㄢ
2.ㄓㄢˋ","1.湛溺、和樂且湛
2.精湛、湛藍",
674,湮,丨ㄣ,湮沒、湮滅,丨ㄢ併讀為丨ㄣ。
675,渦,"1.ㄍㄨㄛ
2.ㄨㄛ","1.渦口、渦河
2.酒渦、漩渦、渦輪",
676,湯,"1.ㄊㄤ
2.ㄕㄤ","1.杯湯、湯藥、湯圓、固若金
湯；姓（如明代有湯顯祖）
。
2.湯湯",
677,渴,"1.ㄎㄜˇ
2.ㄏㄜˊ","1.渴望、口渴
2.「水之反流者為渴。」（唐",
流水號,國字,審定音,詞語例或說明,備注
,,,,
,,,．柳宗元〈袁家渴記〉）,
678,渾,"1.ㄏㄨㄣˊ
2.ㄏㄨㄣˋ","1.渾渾噩噩、渾濁、渾身解數
、渾然不覺
2.渾天儀、渾元",
679,渫,"1.ㄉ丨ㄝˊ
2.ㄒ丨ㄝˋ","1.渫渫、浹渫
2.「井渫不食。」（《易經》
）",
680,湫,"1.ㄐ丨ㄠˇ
2.ㄐ丨ㄡ","1.湫隘
2.湫淵",
681,溺,ㄋ丨ˋ,溺斃、溺愛、沉溺,
682,滑,"1.ㄍㄨˇ
2.ㄏㄨㄚˊ","1.滑稽列傳（《史記》列傳）
2.光滑、滑倒、滑頭、滑稽、
滑雪","「滑稽」一詞：用於口語時，音
ㄏㄨㄚˊ ㄐ丨；用於文言時，
音ㄍㄨˇ ㄐ丨。"
683,溜,"1.ㄌ丨ㄡ
2.ㄌ丨ㄡˋ","1.溜冰、溜課、順口溜、醋溜
白菜、酸溜溜
2.一溜煙、簷溜、「他的英文
說得很溜！」","作動詞、形容詞用時，多讀作ㄌ
丨ㄡ；作名詞用時，多讀作ㄌ丨
ㄡˋ。"
684,滄,ㄘㄤ,滄海、滄滄、滄桑,
685,溪,ㄒ丨,大甲溪、溪谷,ㄑ丨併讀為ㄒ丨。
686,漩,ㄒㄩㄢˊ,泡漩、漩渦,ㄒㄩㄢˋ併讀為ㄒㄩㄢˊ。
687,漂,"1.ㄆ丨ㄠ
2.ㄆ丨ㄠˇ
3.ㄆ丨ㄠˋ","1.漂泊、漂浮、打水漂兒
2.漂白、漂布、漂染
3.漂亮",
688,漆,ㄑ丨,"漆黑、漆樹、油漆、「這面牆
才漆過。」；姓（如元代有漆
希范）。",ㄑㄩˋ併讀為ㄑ丨。
689,漱,ㄕㄨˋ,枕石漱流、漱口水、漱洗,ㄙㄡˋ併讀為ㄕㄨˋ。
690,漸,ㄐ丨ㄢˋ,漸悟、循序漸進,
691,漲,"1.ㄓㄤˇ
2.ㄓㄤˋ","1.漲價、漲潮、水漲船高
2.熱漲冷縮、煙塵漲天","標準線增高，音ㄓㄤˇ；體積膨
大、物體湧起，音ㄓㄤˋ。"
流水號,國字,審定音,詞語例或說明,備注
,,,,
692,漕,ㄘㄠˊ,漕糧、漕運,ㄗㄠˋ併讀為ㄘㄠˊ。
693,漫,ㄇㄢˋ,漫山遍野、瀰漫、浪漫,ㄇㄢˊ併讀為ㄇㄢˋ。
694,漯,"1.ㄊㄚˋ
2.ㄌㄨㄛˋ","1.漯水（水名）
2.漯河（城市名）","ㄌㄟˇ、ㄌㄨㄛˊ併讀為ㄌㄨㄛˋ
。"
695,漚,"1.ㄡ
2.ㄡˋ","1.浮漚、漚鳥
2.漚麻、漚肥",
696,漿,"1.ㄐ丨ㄤ
2.ㄐ丨ㄤˋ（限讀）","1.豆漿、泥漿、漿果、漿洗
2.漿糊（同「糨糊」）",
697,澄,"1.ㄉㄥˋ
2.ㄔㄥˊ","1.澄清（使清澈，動詞）、澄
沙、沙裡澄金
2.澄明、澄清（清澈的樣子，
形容詞）",作動詞義時，音ㄉㄥˋ。
698,潦,"1.ㄌㄠˋ
2.ㄌ丨ㄠˊ","1.泥潦、水潦
2.潦倒、潦草",ㄌㄠˇ併讀為ㄌㄠˋ。
699,澎,"1.ㄆㄥ
2.ㄆㄥˊ","1.澎湃、澎濞（ㄆ丨ˋ）
2.澎湖（地名）",
700,潰,ㄎㄨㄟˋ,崩潰、潰決,ㄏㄨㄟˋ併讀為ㄎㄨㄟˋ。
701,澳,ㄠˋ,"蘇澳（地名）、澳門（地名）
、「無港澳以容舟楫。」（《
宋史》）",
702,澹,"1.ㄉㄢˋ
2.ㄊㄢˊ（限讀）","1.澹泊
2.澹臺（複姓，如孔子弟子澹
臺滅明）",
703,濟,"1.ㄐ丨ˇ
2.ㄐ丨ˋ","1.濟南（地名）、人才濟濟
2.同舟共濟、濟弱扶傾、懸壺
濟世、無濟於事",
704,濤,ㄊㄠˊ,波濤洶湧、松濤,ㄊㄠ併讀為ㄊㄠˊ。
705,濕,"1.ㄊㄚˋ
2.ㄕ","1.濕水（古水名）
2.「溼」之異體字。",
706,濺,"1.ㄐ丨ㄢ
2.ㄐ丨ㄢˋ","1.濺濺
2.濺淚、水花四濺",
流水號,國字,審定音,詞語例或說明,備注
,,,,
707,瀑,"1.ㄅㄠˋ
2.ㄆㄨˋ","1.瀑風、「揮弄灑珠，拊拂瀑
沫。」（東晉．郭璞〈江賦
〉）
2.瀑布、懸瀑",
708,瀕,ㄅ丨ㄣ,瀕臨、瀕危,ㄆ丨ㄣˊ併讀為ㄅ丨ㄣ。
709,瀾,"1.ㄌㄢˊ
2.ㄌㄢˋ","1.波瀾、推波助瀾、狂瀾
2.瀾漫、瀾汗",
710,瀰,ㄇ丨ˊ,瀰漫、瀰山遍野,ㄇ丨ˇ併讀為ㄇ丨ˊ。
711,炊,ㄔㄨㄟ,炊事、炊煙,
712,為,"1.ㄨㄟˊ
2.ㄨㄟˋ","1.天下為公、行為、事在人為
、為非作歹、為政
2.為民服務、為甚麼",
713,炸,"1.ㄓㄚˊ
2.ㄓㄚˋ","1.炸雞、炸醬麵、油炸
2.轟炸、炸彈",
714,炮,"1.ㄅㄠ
2.ㄆㄠˊ
3.ㄆㄠˋ","1.炮炒雞丁、炮羊肚
2.炮煉、炮烙（ㄌㄨㄛˋ）、
如法炮製
3.鞭炮、炮彈、炮竹",
715,烙,"1.ㄌㄠˋ語
2.ㄌㄨㄛˋ讀","1.烙餅、烙印
2.炮烙","於口語詞時，音ㄌㄠˋ；於文言
詞時，音ㄌㄨㄛˋ。"
716,焚,ㄈㄣˊ,焚風、焚化爐,
717,無,"1.ㄨˊ
2.ㄇㄛˊ（限讀）","1.無病呻吟、無名火、無理、
無論
2.南（ㄋㄚˊ）無",
718,煬,│ㄤˊ,"隋煬帝、「煬，爍金。」（《
集韻》）",
719,煞,"1.ㄕㄚ
2.ㄕㄚˋ","1.煞車、煞尾
2.凶神惡煞、凶煞、煞費苦心
、煞有介事",
720,煖,ㄋㄨㄢˇ,席不暇煖、溫煖,ㄒㄩㄢ併讀為ㄋㄨㄢˇ。
流水號,國字,審定音,詞語例或說明,備注
,,,,
721,熙,ㄒ丨,民熙物阜、光熙、康熙,
722,熏,ㄒㄩㄣ,"熏風、熏香、熏製、熏魚、臭
氣熏人",ㄒㄩㄣˋ併讀為ㄒㄩㄣ。
723,熟,ㄕㄡˊ,"半生不熟、嫻熟、熟記、耳熟
能詳",ㄕㄨˊ併讀為ㄕㄡˊ。
724,熬,ㄠˊ,煎熬、熬夜,
725,熨,"1.ㄩㄣˋ
2.ㄩˋ（限讀）","1.熨斗、熨衣服
2.熨貼",
726,燉,"1.ㄉㄨㄣˋ
2.ㄉㄨㄣ（限讀）","1.燉補、燉鍋
2.燉煌（地名，同「敦煌」）",
727,燕,"1.丨ㄢ
2.丨ㄢˋ","1.北燕、後燕
2.燕子、燕窩、燕尾服",
728,燎,ㄌ丨ㄠˊ,燎朗、星火燎原,"ㄌ丨ㄠˋ、ㄌ丨ㄠˇ併讀為ㄌ丨ㄠ
ˊ。"
729,燜,ㄇㄣ,燜飯、燜煮、燜燒鍋,ㄇㄣˋ併讀為ㄇㄣ。
730,燥,"1.ㄗㄠˋ
2.ㄙㄠˋ","1.乾燥、燥熱
2.肉燥、燥子",
731,燠,ㄩˋ,寒燠、燠熱、鬱燠,ㄠˋ併讀為ㄩˋ。
732,燿,丨ㄠˋ,焜燿、熠燿、燿金為刀,ㄩㄝˋ併讀為丨ㄠˋ。
733,爆,ㄅㄠˋ,爆發、爆冷門、爆笑,
734,爪,"1.ㄓㄠˇ讀
2.ㄓㄨㄚˇ語","1.雪泥鴻爪、爪痕、爪牙、張
牙舞爪
2.鳥爪兒、爪子","「爪」加詞綴「子」、「兒」時
，音ㄓㄨㄚˇ。"
735,父,"1.ㄈㄨˇ
2.ㄈㄨˋ","1.仲父（指稱孔子或管仲）、
漁父
2.伯父、父親、仲父（叔父）",作男子美稱義時，音ㄈㄨˇ。
736,爻,丨ㄠˊ,爻象、爻辭,ㄒ丨ㄠˊ併讀為丨ㄠˊ。
737,片,ㄆ丨ㄢˋ,片刻、刀片,ㄆ丨ㄢ併讀為ㄆ丨ㄢˋ。
流水號,國字,審定音,詞語例或說明,備注
,,,,
738,牡,ㄇㄨˇ,牡丹花、牡蠣,ㄇㄡˇ併讀為ㄇㄨˇ。
739,牠,ㄊㄚ,牠們、「牠真是一隻義犬。」,ㄊㄨㄛ併讀為ㄊㄚ。
740,犍,"1.ㄐ丨ㄢ
2.ㄑ丨ㄢˊ（限讀）","1.「買得烏犍遇歲穰。」（宋
．陸游〈詠稻飯〉詩）
2.犍為（地名）",
741,犛,ㄌ丨ˊ,犛牛,ㄇㄠˊ併讀為ㄌ丨ˊ。
742,猗,"1.丨
2.丨ˇ
3.ㄜˇ（限讀）","1.「綠竹猗猗」（《詩經》）
、「猗嗟昌兮」（《詩經》
）
2.「猗彼女桑」（《詩經》）
、「猗于畝丘」（《詩經》
）
3.猗儺（ㄋㄨㄛˊ）",
743,猲,"1.ㄏㄜˋ
2.ㄒ丨ㄝ","1.恫疑虛猲
2.猲獢（ㄒ丨ㄠ）",
744,獃,ㄉㄞ,發獃、獃頭獃腦、痴獃,ㄞˊ併讀為ㄉㄞ。
745,獲,ㄏㄨㄛˋ,捕獲、獲勝、獲益良多,
746,獺,ㄊㄚˋ,海獺、旱獺,ㄊㄚˇ併讀為ㄊㄚˋ。
747,率,"1.ㄌㄩˋ
2.ㄕㄨㄞˋ","1.頻率、利率、或然率、效率
2.表率、坦率、率同、率領、
率由舊章、草率",
748,王,"1.ㄨㄤˊ
2.ㄨㄤˋ","1.國王、拳王、王法
2.王天下",文言動詞義，音ㄨㄤˋ。
749,玩,ㄨㄢˊ,"把玩、童玩、古玩、吃喝玩樂
、遊玩",ㄨㄢˋ併讀為ㄨㄢˊ。
750,玟,ㄨㄣˊ,「玟，玉文。」（《集韻》）,
751,瑁,ㄇㄟˋ,玳瑁,
流水號,國字,審定音,詞語例或說明,備注
,,,,
752,瑒,"1.ㄔㄤˋ
2.丨ㄤˊ（限讀）","1.「瑒，圭尺二寸，有瓚，以
祠宗廟者也。」（《說文》
）
2.應瑒（人名）",
753,璉,ㄌ丨ㄢˊ,"瑚璉；「宏璉以豐敞。」（三
國魏．何晏〈景福殿賦〉）",ㄌ丨ㄢˇ併讀為ㄌ丨ㄢˊ。
754,瑾,ㄐ丨ㄣˇ,瑾瑜、秋瑾（人名）,ㄐ丨ㄣˋ併讀為ㄐ丨ㄣˇ
755,瓦,"1.ㄨㄚˇ
2.ㄨㄚˋ","1.弄瓦之喜、瓦片、瓦楞紙
2.「其上未瓦，其下未甃」（
宋．陸游〈撫州廣壽禪院經
藏記〉）","作施瓦於屋之動詞義時，音ㄨㄚ
ˋ。"
756,甚,"1.ㄕㄣˊ
2.ㄕㄣˋ","1.甚麼、甚事、作甚
2.欺人太甚、甚好、甚至",ㄕㄜˊ併讀為ㄕㄣˊ。
757,甯,ㄋ丨ㄥˋ,姓（如周朝時有甯越）。,
758,甲,ㄐ丨ㄚˇ,片甲不留、甲板、指甲,
759,甸,ㄉ丨ㄢˋ,甸後、沉甸甸,
760,町,"1.ㄉ丨ㄥ
2.ㄊ丨ㄥˇ","1.西門町
2.町畦、「町畽（ㄊㄨㄢˇ）鹿
場。」（《詩經》）",臺灣舊街區名，音ㄉ丨ㄥ。
761,畝,ㄇㄨˇ,公畝、畎畝,ㄇㄡˇ併讀為ㄇㄨˇ。
762,畜,"1.ㄒㄩˋ
2.ㄔㄨˋ","1.畜牧、畜產、畜養
2.家畜、畜生",
763,畦,ㄑ丨ˊ,分畦、菜畦,ㄒ丨併讀為ㄑ丨ˊ。
764,番,"1.ㄈㄢ
2.ㄆㄢ（限讀）","1.番邦、番茄、更（ㄍㄥ）番
、三番兩次
2.番禺（地名）",
765,畬,1.ㄕㄜ,"1.畬族、「茅茨已就治，新疇
復應畬。」（晉．陶淵明〈
和劉柴桑〉詩）；姓（如明
代有畬恭）。",
流水號,國字,審定音,詞語例或說明,備注
,,,,
,,2.ㄩˊ,"2.菑畬、「畬，二歲治田也。
」（《說文》）",
766,當,"1.ㄉㄤ
2.ㄉㄤˋ","1.門當戶對、當年、當機立斷
、當權、當選、當時、當作
（應該作）、安步當車
2.當鋪、當作（視同、認為）
、勾當、適當",
767,畿,ㄐ丨,邦畿、封畿、京畿,ㄑ丨ˊ併讀為ㄐ丨
768,疋,ㄕㄨ,"「疋，足也。」（《說文》）
；部首字。",
769,疏,ㄕㄨ,百密一疏、親疏、注疏、上疏,ㄙㄨ、ㄕㄨˋ併讀為ㄕㄨ。
770,疵,ㄘ,瑕疵、吹毛求疵,ㄘˊ併讀為ㄘ。
771,痴,ㄔ,痴迷、書痴,ㄔˊ併讀為ㄔ。
772,痾,ㄜ,沉痾、養痾,ㄎㄜ併讀為ㄜ。
773,癌,ㄞˊ,防癌、癌症,丨ㄢˊ併讀為ㄞˊ。
774,癖,ㄆ丨ˇ,癖好、季常癖、潔癖,ㄆ丨ˋ併讀為ㄆ丨ˇ。
775,癤,ㄐ丨ㄝˊ,凍癤、癤子,ㄐ丨ㄝ併讀為ㄐ丨ㄝˊ。
776,癟,"1.ㄅ丨ㄝˇ
2.ㄅ丨ㄝ（限讀）","1.乾癟、吃癟
2.癟三",
777,癬,ㄒ丨ㄢˇ,白癬、頭癬,ㄒㄩㄢˇ併讀為ㄒ丨ㄢˇ。
778,白,ㄅㄞˊ,白費、白紙、真相大白,ㄅㄛˊ併讀為ㄅㄞˊ。
779,百,"1.ㄅㄞˇ
2.ㄅㄛˊ（限讀）","1.百分數、百感交集、百貨、
百家姓、百無禁忌
2.百色（地名）",
780,的,1.˙ㄉㄜ,"1.美麗的、慢慢的、昨天買的
、我的、「這麼做是不對的",
流水號,國字,審定音,詞語例或說明,備注
,,,,
,,"2.ㄉ丨ˊ
3.ㄉ丨ˋ","！」
2.的確
3.標的、目的",
781,皖,ㄨㄢˇ,安徽省的簡稱。,
782,皿,ㄇ丨ㄣˇ,培養皿、器皿；部首字。,ㄇ丨ㄥˇ併讀為ㄇ丨ㄣˇ。
783,益,丨ˋ,"利益、精益求精、助益、益處
、延年益壽",丨ˊ併讀為丨ˋ。
784,盛,"1.ㄔㄥˊ
2.ㄕㄥˋ","1.盛飯、盛放、盛器
2.興盛、盛會、盛氣凌人、盛
情難卻；姓（清代有盛宣懷
）。",
785,盟,ㄇㄥˊ,盟邦、海誓山盟、結盟,
786,監,"1.ㄐ丨ㄢ
2.ㄐ丨ㄢˋ","1.監督、監察院、監視、監獄
2.祕書監、太監、國子監",
787,省,"1.ㄒ丨ㄥˇ
2.ㄕㄥˇ","1.反省、省親、省視、省悟
2.節省、中書省、省分",
788,相,"1.ㄒ丨ㄤ
2.ㄒ丨ㄤˋ","1.互相、相親相愛、相像
2.福相、相親、吃相、丞相",
789,看,"1.ㄎㄢ
2.ㄎㄢˋ","1.看門、看護、看守、看押
2.看板、看病、看見、試試看",
790,盾,ㄉㄨㄣˋ,矛盾、後盾,ㄕㄨㄣˇ併讀為ㄉㄨㄣˋ。
791,睪,"1.丨ˋ
2ㄍㄠ","1.「睪，司視也。」（《說文
》）
2.睪丸",
792,瞑,"1.ㄇ丨ㄢˋ
2.ㄇ丨ㄥˊ","1.瞑眩
2.瞑目、瞑想",ㄇ丨ㄥˇ併讀為ㄇ丨ㄥˊ。
793,瞭,"1.ㄌ丨ㄠˇ
2.ㄌ丨ㄠˋ","1.明瞭、瞭亮、瞭如指掌
2.瞭望",
794,瞿,"1.ㄐㄩˋ
2.ㄑㄩˊ","1.瞿然
2.瞿塘峽；姓（如元代有瞿信
）。",ㄑㄩ併讀為ㄑㄩˊ。
流水號,國字,審定音,詞語例或說明,備注
,,,,
795,矇,"1.ㄇㄥ
2.ㄇㄥˊ","1.矇騙、「我能得獎是矇上的
。」
2.矇昧、矇矓、矇聵",
796,矜,ㄐ丨ㄣ,好自矜誇、驕矜、矜惜、矜持,
797,知,ㄓ,求知、知府、知道、知識,
798,石,"1.ㄉㄢˋ
2.ㄕˊ","1.公石、十斗為石
2.石頭、藥石",
799,研,丨ㄢˊ,研判、研討、研究,
800,砌,"1.ㄑ丨ˋ
2.ㄑ丨ㄝˋ","1.雕闌玉砌、堆砌、砌牆
2.砌末（同「切末」）",
801,硼,ㄆㄥˊ,硼砂、硼酸,
802,碩,ㄕㄨㄛˋ,豐碩、碩果僅存、碩士,ㄕˊ併讀為ㄕㄨㄛˋ。
803,磅,"1.ㄅㄤˋ
2.ㄆㄤ","1.磅秤、兩磅肉、過磅
2.磅礡",ㄅㄥˋ併讀為ㄅㄤˋ。
804,磨,"1.ㄇㄛˊ
2.ㄇㄛˋ","1.磨刀、磨練、好事多磨
2.磨盤、磨麵、磨豆腐","凡磨子或以磨子碾碎之動作，音
ㄇㄛˋ。"
805,礦,ㄎㄨㄤˋ,礦泉水、礦物、採礦,ㄍㄨㄥˇ併讀為ㄎㄨㄤˋ。
806,示,ㄕˋ,標示、提示、展示,
807,祇,"1.ㄑ丨ˊ
2.ㄓˇ","1.神祇
2.祇是",ㄓ併讀為ㄓˇ。
808,祕,ㄇ│ˋ,便祕、祕密、祕書,ㄅ│ˋ併讀為ㄇ│ˋ。
809,票,ㄆ丨ㄠˋ,"綁票、票友、支票、一票買賣
、郵票",
810,祭,"1.ㄐ丨ˋ
2.ㄓㄞˋ","1.祭品、祭祀
2.姓（如漢代有祭遵）。",
811,禁,"1.ㄐ丨ㄣ
2.ㄐ丨ㄣˋ","1.禁得起、禁受、弱不禁風
2.禁止、囚禁、宵禁",
流水號,國字,審定音,詞語例或說明,備注
,,,,
812,禧,ㄒ丨,恭賀新禧、鴻禧,ㄒ丨ˇ併讀為ㄒ丨。
813,禪,"1.ㄔㄢˊ
2.ㄕㄢˋ","1.打襌、禪機
2.封禪、禪讓",
814,禰,"1.ㄇ丨ˊ
2.ㄋ丨ˇ","1.姓（如漢代有禰衡）。
2.禰廟",
815,秤,"1.ㄆ丨ㄥˊ
2.ㄔㄥˋ","1.天秤（本作「天平」）
2.磅秤、秤斤注兩",
816,秘,"1.ㄅ丨ˋ
2.ㄇ丨ˋ","1.秘魯
2.「祕」之異體字。",
817,稍,ㄕㄠ,稍後、稍許、稍縱即逝、稍微,ㄕㄠˋ併讀為ㄕㄠ。
818,稟,ㄅ丨ㄥˇ,稟明、稟賦、稟告、稟承,ㄅ丨ㄣ併讀為ㄅ丨ㄥˇ。
819,種,"1.ㄓㄨㄥˇ
2.ㄓㄨㄥˋ","1.種類、種子
2.接種、種田",
820,稱,"1.ㄔㄥ
2.ㄔㄥˋ","1.稱號、稱呼、稱讚、「把米
稱一稱。」
2.磅稱、對稱、稱心、稱職、
勻稱",ㄔㄣˋ併讀為ㄔㄥˋ。
821,稽,"1.ㄐ丨
2.ㄑ丨ˇ","1.滑稽、稽留、稽查
2.稽首、稽顙（ㄙㄤˇ）",
822,穢,ㄏㄨㄟˋ,穢氣、自慚形穢、汙穢,ㄨㄟˋ併讀為ㄏㄨㄟˋ。
823,穫,ㄏㄨㄛˋ,收穫、一樹百穫,
824,穰,ㄖㄤˊ,紛紛穰穰、豐穰、穰歲,ㄖㄤˇ併讀為ㄖㄤˊ。
825,穴,ㄒㄩㄝˋ,壺穴、經穴、穴居,ㄒㄩㄝˊ併讀為ㄒㄩㄝˋ。
826,究,ㄐ丨ㄡˋ,究竟、終究、研究,ㄐ丨ㄡ併讀為ㄐ丨ㄡˋ。
827,空,"1.ㄎㄨㄥ
2.ㄎㄨㄥˋ","1.天空、空檔（汽車檔位）、
空歡喜、空間、空手
2.空白、空乏、空檔（空閒時
間）、空閒",
流水號,國字,審定音,詞語例或說明,備注
,,,,
828,穹,ㄑㄩㄥ,穹谷、蒼穹,ㄑㄩㄥˊ併讀為ㄑㄩㄥ。
829,窄,ㄓㄞˇ,狹窄、窄小,ㄗㄜˊ併讀為ㄓㄞˇ。
830,窘,ㄐㄩㄥˇ,困窘、窘迫、窘態,ㄐㄩㄣˇ併讀為ㄐㄩㄥˇ。
831,竺,ㄓㄨˊ,"天竺（古國名）；姓（如漢代
有竺曾）。",
832,答,"1.ㄉㄚ
2.ㄉㄚˊ","1.答應、羞答答
2.答數、回答",
833,箬,ㄖㄨㄛˋ,"箬竹（同「篛竹」）、「青箬
裡鹽歸峒客。」（唐．柳宗元
〈柳州峒氓〉詩）",
834,簪,ㄗㄢ,髮簪、簪花、簪子,ㄗㄣ併讀為ㄗㄢ。
835,簿,ㄅㄨˋ,簿錄、簿子、對簿公堂、帳簿,
836,簸,"1.ㄅㄛˇ
2.ㄅㄛˋ","1.簸米、簸弄、顛簸
2.簸籮、簸箕",
837,籠,ㄌㄨㄥˊ,燈籠、籠統、籠絡,ㄌㄨㄥˇ併讀為ㄌㄨㄥˊ。
838,粘,"1.ㄋ丨ㄢˊ讀
2.ㄓㄢ語","1.粘貼、沾粘；姓（如明代有
粘鵬）。
2.腸粘連","「粘」，通「黏」，讀音ㄋ丨ㄢ
ˊ，部分詞彙於口語變讀為ㄓㄢ
。"
839,粥,"1.ㄓㄡ
2.ㄩˋ
3.ㄓㄨˋ（限讀）","1.小米粥、粥湯
2.葷粥（ㄒㄩㄣ ㄩˋ，民族
名）；「鬻」之異體字。
3.粥粥",
840,粳,ㄍㄥ,粳米、粳稻,ㄐ丨ㄥ併讀為ㄍㄥ。
841,粽,ㄗㄨㄥˋ,粿粽、粽子,ㄓㄨㄥˋ併讀為ㄗㄨㄥˋ。
842,糊,ㄏㄨˊ,"模糊、迷糊、麵糊、糊弄、糊
口",ㄏㄨ併讀為ㄏㄨˊ。
843,糜,ㄇ丨ˊ,糜爛、侈糜,
流水號,國字,審定音,詞語例或說明,備注
,,,,
844,糙,ㄘㄠ,糙米、粗糙,
845,糸,ㄇ丨ˋ,"「糸，細絲也。」（《說文》
）；部首字。",
846,糾,ㄐ丨ㄡ,糾紛、糾正、糾察、糾纏,ㄐ丨ㄡˇ併讀為ㄐ丨ㄡ。
847,紅,"1.ㄏㄨㄥˊ
2.ㄍㄨㄥ（限讀）","1.分紅、紅包、紅塵、紅色
2.女紅",
848,紀,ㄐ丨ˋ,本紀、法紀、紀念、紀律,ㄐ丨ˇ併讀為ㄐ丨ˋ。
849,紇,ㄏㄜˊ,回紇（民族名）,
850,索,ㄙㄨㄛˇ,"套索、探索、索性、索然、索
引",ㄙㄨㄛˊ併讀為ㄙㄨㄛˇ。
851,純,ㄔㄨㄣˊ,純良、純種、純粹,
852,紕,ㄆ丨,紕繆、紕漏,
853,紮,ㄓㄚˊ,包紮、紮實、駐紮,ㄗㄚ併讀為ㄓㄚˊ。
854,累,"1.ㄌㄟˇ
2.ㄌㄟˋ","1.累犯、累積、累贅、係累
2.勞累、連累、家累","堆疊義，音ㄌㄟˇ；疲倦、負擔
、牽涉義，音ㄌㄟˋ。"
855,結,"1.ㄐ丨ㄝ
2.ㄐ丨ㄝˊ","1.結結巴巴、結實
2.結構、結果、結婚、繩結",
856,絡,"1.ㄌㄠˋ
2.ㄌㄨㄛˋ","1.絡子
2.脈絡、馬絡頭、絡繹不絕、
籠絡",
857,給,"1.ㄍㄟˇ
2.ㄐ丨ˇ","1.送給、「給我拿來！」、「
快給他道歉！」、「我給他
一本書。」
2.配給、供給、口齒便給、給
假、給事中（古官名）、給
水、給與、加給","單獨當動詞與口語習用的新生
詞語時，音ㄍㄟˇ；文言複詞，
音ㄐ丨ˇ。"
858,絜,ㄒ丨ㄝˊ,"度長絜大、絜矩、「絜之百圍
。」（《莊子》）",
流水號,國字,審定音,詞語例或說明,備注
,,,,
859,綏,ㄙㄨㄟ,綏撫、綏定,ㄙㄨㄟˊ併讀為ㄙㄨㄟ。
860,綠,ㄌㄩˋ,綠豆、綠苔、綠洲,ㄌㄨˋ併讀為ㄌㄩˋ。
861,綸,"1.ㄌㄨㄣˊ
2.ㄍㄨㄢ","1.滿腹經綸、釣綸、綸絲、綸
音
2.羽扇綸巾",
862,綮,"1.ㄑ丨ˇ
2.ㄑ丨ㄥˋ","1.「綮，戟衣也。」（《玉篇
》）
2.肯綮",
863,緝,ㄑ丨ˋ,通緝、緝捕、查緝,ㄑ丨併讀為ㄑ丨ˋ。
864,緣,ㄩㄢˊ,邊緣、緣分、緣由,
865,縣,ㄒ丨ㄢˋ,縣道、縣界、縣政府,
866,縕,ㄩㄣˋ,紛縕、絪縕、縕袍,
867,縮,ㄙㄨㄛ,退縮、伸縮、縮寫,ㄙㄨˋ併讀為ㄙㄨㄛ。
868,繆,"1.ㄇㄡˊ
2.ㄇ丨ㄠˋ
3.ㄇ丨ㄡˋ","1.繆篆、綢繆
2.姓（如元代有繆主一）。
3.紕繆、繆巧",
869,繃,"1.ㄅㄥ
2.ㄅㄥˇ
3.ㄅㄥˋ","1.繃帶、繃緊
2.繃不住、繃著臉
3.繃裂、繃鼓子",
870,縫,"1.ㄈㄥˊ
2.ㄈㄥˋ","1.縫紉、裁縫
2.門縫、天衣無縫、衣縫",
871,縱,"1.ㄗㄨㄥ
2.ㄗㄨㄥˋ","1.縱隊、縱谷、縱貫鐵路、縱
橫
2.放縱、縱聲大笑、縱然",
872,繁,"1.ㄆㄛˊ
2.ㄈㄢˊ","1.姓（如東漢時有繁欽）。
2.繁殖、繁榮、繁雜、繁文縟
節",
873,縳,ㄓㄨㄢˋ,"紡縳、「縳，白鮮卮也。」（
《說文》）",
流水號,國字,審定音,詞語例或說明,備注
,,,,
874,縹,ㄆ丨ㄠˇ,縹帙、虛無縹緲,ㄆ丨ㄠˋ併讀為ㄆ丨ㄠˇ。
875,繇,丨ㄠˊ,繇賦,丨ㄠˊ音，通「徭」。
876,繒,ㄗㄥ,"繒書、綵繒；姓（如漢代有繒
賀）。",
877,繫,"1.ㄐ丨ˋ
2.ㄒ丨ˋ","1.繫鞋帶
2.聯繫、解鈴還須繫鈴人、繫
念、繫獄","綁、扣、結義於口語詞時，音ㄐ
丨ˋ，餘則音ㄒ丨ˋ。"
878,繳,"1.ㄐ丨ㄠˇ
2.ㄓㄨㄛˊ","1.繳費、繳納
2.繳射、矰（ㄗㄥ）繳",
879,署,"1.ㄕㄨˇ
2.ㄕㄨˋ","1.官署、環保署、署長
2.部署、簽署、署名、署理",
880,罷,"1.ㄅㄚˋ
2.˙ㄅㄚ
3.ㄆ丨ˊ","1.罷免、罷了、罷官、欲罷不
能
2.「快走罷！」、「算了罷！
」
3.罷弊、罷馬",
881,罾,ㄗㄥ,"扳罾、「罾，魚網也。」（《
說文》）",
882,羊,丨ㄤˊ,"山羊、羊腸小徑；姓（如漢代
有羊續）。",
883,羋,"1.ㄇ丨ˇ
2.ㄇ丨ㄝ","1.姓（如戰國時有羋嬰）。
2.羋羋",
884,羹,ㄍㄥ,豆羹、調羹、羹湯,
885,翟,"1.ㄉ丨ˊ
2.ㄓㄞˊ","1.墨翟（人名）、長尾翟
2.陽翟（地名）、姓（如明代
有翟良）。",
886,翮,ㄍㄜˊ,鼓翮、羽翮,ㄏㄜˊ併讀為ㄍㄜˊ。
887,翳,丨ˋ,障翳、眼翳,丨併讀為丨ˋ。
888,翹,"1.ㄑ丨ㄠˊ讀
2.ㄑ丨ㄠˋ語","1.翹楚、翹舌、翹首
2.翹辮子、翹翹板","用於口語詞時，音ㄑ丨ㄠˋ；用
於文言詞時，音ㄑ丨ㄠˊ。"
流水號,國字,審定音,詞語例或說明,備注
,,,,
889,耀,丨ㄠˋ,光耀、炫耀,ㄩㄝˋ併讀為丨ㄠˋ。
890,耕,ㄍㄥ,農耕、耕讀、耕田,ㄐ丨ㄥ併讀為ㄍㄥ。
891,耙,ㄆㄚˊ,耙地、釘耙,ㄅㄚˋ併讀為ㄆㄚˊ。
892,耶,丨ㄝˊ,"耶誕節、耶孃、耶魯大學、「
是進亦憂，退亦憂，然則何時
而樂耶？」（宋．范仲淹〈岳
陽樓記〉）",丨ㄝ併讀為丨ㄝˊ。
893,聘,ㄆ丨ㄥˋ,聘禮、聘請、招聘,ㄆ丨ㄣˋ併讀為ㄆ丨ㄥˋ。
894,聞,ㄨㄣˊ,"博學多聞、名聞遐邇、聞雞起
舞",
895,聽,"1.ㄊ丨ㄥ
2.ㄊ丨ㄥˋ","1.不中聽、聽講、聽戲、「誠
宜開張聖聽。」（三國蜀．
諸葛亮〈出師表〉）
2.聽憑尊便、聽天由命、聽其
自然、垂簾聽政","作動詞治理、裁斷、任憑義時，
音ㄊ丨ㄥˋ。"
896,肉,ㄖㄡˋ,骨肉至親、果肉、肌肉,ㄖㄨˋ併讀為ㄖㄡˋ。
897,肋,ㄌㄜˋ,肋骨、雞肋,ㄌㄟˋ併讀為ㄌㄜˋ。
898,肚,"1.ㄉㄨˇ
2.ㄉㄨˋ","1.毛肚、羊肚
2.肚皮、肚臍、肚子",動物的胃，音ㄉㄨˇ。
899,肺,ㄈㄟˋ,肺腑、肺炎、狼心狗肺,
900,肴,丨ㄠˊ,美酒佳肴、菜肴,ㄒ丨ㄠˊ併讀為丨ㄠˊ。
901,肪,ㄈㄤˊ,脂肪,ㄈㄤ併讀為ㄈㄤˊ。
902,肯,ㄎㄣˇ,不肯干休、中肯、首肯,ㄎㄥˇ併讀為ㄎㄣˇ。
903,胖,"1.ㄆㄢˊ
2.ㄆㄤˋ","1.心廣體胖
2.胖嘟嘟、胖子、肥胖",
流水號,國字,審定音,詞語例或說明,備注
,,,,
904,背,"1.ㄅㄟ
2.ㄅㄟˋ","1.背包、背黑鍋
2.背後、背景、背書、離鄉背
井、違背",
905,脈,"1.ㄇㄞˋ
2.ㄇㄛˋ（限讀）","1.脈搏、動脈
2.含情脈脈",
906,脊,ㄐ丨ˇ,脊椎、山脊,ㄐ丨ˊ併讀為ㄐ丨ˇ。
907,脯,"1.ㄆㄨˊ
2.ㄈㄨˇ","1.雞脯、胸脯
2.杏脯、肉脯",
908,脫,ㄊㄨㄛ,脫皮、脫脂、灑脫,
909,腋,丨ㄝˋ,兩腋清風、肘腋之患、腋下,丨ˋ併讀為丨ㄝˋ。
910,腊,"1.ㄒ丨ˊ
2.ㄌㄚˋ","1.「噬腊肉，遇毒。」（《易
經》）
2.「臘」之異體字。",
911,腳,ㄐ丨ㄠˇ,"腳本、腳夫、腳踏車、腳踏實
地、腳色","1.ㄐㄩㄝˊ併讀為ㄐ丨ㄠˇ。
2.「腳色」亦作「角（ㄐㄩㄝˊ
）色」。"
912,膀,"1.ㄅㄤˇ
2.ㄆㄤ
3.ㄆㄤˊ
4.ㄅㄤˋ（限讀）","1.臂膀、肩膀、翅膀
2.膀腫、奶膀子
3.膀胱
4.弔膀子",
913,膏,"1.ㄍㄠ
2.ㄍㄠˋ","1.膏壤、牙膏、油膏
2.膏墨、膏點兒油",作動詞用時，音ㄍㄠˋ。
914,膜,ㄇㄛˊ,薄膜、膜拜、黏膜,ㄇㄛˋ併讀為ㄇㄛˊ。
915,膞,ㄓㄨㄢ,"「膞，鳥胃也。」（《廣韻》
）",
916,臃,ㄩㄥ,臃腫,ㄩㄥˇ併讀為ㄩㄥ。
917,臂,ㄅ丨ˋ,臂膀、長臂猿、手臂,ㄅㄟˋ併讀為ㄅ丨ˋ。
918,臊,"1.ㄙㄠ
2.ㄙㄠˋ","1.狐臊、臊聲、臊味
2.害臊、臊子",
流水號,國字,審定音,詞語例或說明,備注
,,,,
919,臠,ㄌㄨㄢˊ,臠臠、禁臠,ㄌㄩㄢˇ併讀為ㄌㄨㄢˊ。
920,臭,"1.ㄒ丨ㄡˋ
2.ㄔㄡˋ","1.臭味相投（指氣味，屬中性
義）、無臭無味
2.腥臭、臭皮囊、臭罵一頓、
臭味相投（指不好的氣味，
屬貶義）",
921,臾,ㄩˊ,須臾、甌臾,
922,與,"1.ㄩˊ
2.ㄩˇ
3.ㄩˋ","1.「孝弟也者，其為仁之本與
！」（《論語》）、「子非
三閭大夫與？」（《楚辭》
）
2.選賢與能、時不我與、讓與
、我與你、與否
3.參與、「與百官之政事。」
（《國語》）",
923,興,"1.ㄒ丨ㄥ
2.ㄒ丨ㄥˋ","1.興奮、興建、興旺
2.高興、興趣、興匆匆",
924,舍,"1.ㄕㄜˇ
2.ㄕㄜˋ","1.舍己從人、舍我其誰
2.寒舍、舍弟、舍利子、宿舍",ㄕㄜˇ音，同「捨」。
925,般,"1.ㄅㄛ
2.ㄅㄢ
3.ㄆㄢˊ","1.般若（ㄖㄜˇ）
2.這般、一般、萬般
3.般樂、般桓",
926,舳,ㄓㄨˊ,舳艫千里,ㄓㄡˊ併讀為ㄓㄨˊ。
927,艘,ㄙㄠ,"一艘船、「沛地淤填七八里，
糧艘阻不進。」（《明史》）",ㄙㄡ併讀為ㄙㄠ。
928,艮,"1.ㄍㄣˇ
2.ㄍㄣˋ","1.「他的話太艮！」、「這個
人真艮！」
2.艮卦（《易經》卦名）、艮
苦冰涼；姓（如漢代有艮當
）。",
929,色,"1.ㄙㄜˋ
2.ㄕㄞˇ（限讀）","1.景色、成色、五顏六色、物
色
2.色子（「骰（ㄊㄡˊ）子」
的別稱）",ㄕㄜˋ併讀為ㄙㄜˋ。
流水號,國字,審定音,詞語例或說明,備注
,,,,
930,艾,"1.ㄞˋ
2.丨ˋ","1.期期艾艾、艾草；姓（如清
代有艾元征）。
2.自怨自艾、艾安",
931,芍,ㄕㄠˊ,芍藥、采蘭贈芍,ㄕㄨㄛˋ併讀為ㄕㄠˊ。
932,芯,ㄒ丨ㄣ,燈芯、芯子,ㄒ丨ㄣˋ併讀為ㄒ丨ㄣ。
933,苛,ㄎㄜ,苛薄、苛求、嚴苛,ㄏㄜˊ併讀為ㄎㄜ。
934,茄,"1.ㄐ丨ㄚ
2.ㄑ丨ㄝˊ","1.茄冬樹、雪茄
2.番茄、茄子",
935,若,"1.ㄖㄜˇ
2.ㄖㄨㄛˋ","1.般（ㄅㄛ）若、蘭若
2.倘若、若干、若無其事",
936,茂,ㄇㄠˋ,"茂密、圖文並茂；姓（如漢代
有茂員）。",ㄇㄡˋ併讀為ㄇㄠˋ。
937,苔,"1.ㄊㄞ
2.ㄊㄞˊ","1.舌苔（同「舌胎」）
2.米苔目、苔蘚",
938,苑,ㄩㄢˋ,內苑、文苑,
939,苫,ㄕㄢ,茅苫、苫布,ㄕㄢˋ併讀為ㄕㄢ。
940,苴,ㄐㄩ,"補苴、苴布、「苴，履中草。
」（《說文》）",ㄐㄩˇ併讀為ㄐㄩ。
941,茆,ㄇㄠˇ,"「思樂泮水，薄采其茆。」（
《詩經》）",
942,茸,ㄖㄨㄥˊ,毛茸茸、鹿茸、茸毛,
943,茲,"1.ㄗ
2.ㄘˊ（限讀）","1.念茲在茲、今茲
2.龜茲（ㄑ丨ㄡ ㄘˊ，古國
名）",
944,茹,ㄖㄨˊ,含辛茹苦、竹茹、茹素,ㄖㄨˋ併讀為ㄖㄨˊ。
945,茗,ㄇ丨ㄥˊ,品茗、茗茶,ㄇ丨ㄥˇ併讀為ㄇ丨ㄥˊ。
946,荑,丨ˊ,柔荑、荑手纖纖,ㄊ丨ˊ併讀為丨ˊ。
流水號,國字,審定音,詞語例或說明,備注
,,,,
947,茷,ㄈㄚˊ,茷茷,
948,莎,"1.ㄕㄚ
2.ㄙㄨㄛ","1.莎雞、莎士比亞、阿莎力
2.莎草",
949,莞,"1.ㄍㄨㄢ
2.ㄨㄢˇ
3.ㄍㄨㄢˇ（限讀）","1.莞草
2.莞爾
3.東莞（地名）",
950,莘,ㄒ丨ㄣ,細莘（植物名）、莘莘學子,
951,荸,ㄅ丨ˊ,荸薺（ㄑ丨ˊ）,ㄅㄛˊ併讀為ㄅ丨ˊ。
952,莫,ㄇㄛˋ,"變化莫測、莫名其妙、莫逆之
交；姓（如北魏有莫含）。",
953,莠,丨ㄡˋ,良莠不齊、莠民,丨ㄡˇ併讀為丨ㄡˋ。
954,荷,"1.ㄏㄜˊ
2.ㄏㄜˋ","1.薄（ㄅㄛˋ）荷、荷花
2.負荷、荷鋤",
955,荼,"1.ㄊㄨˊ
2.ㄕㄨ","1.荼毒、荼炭、如火如荼
2.神荼（門神名）、「諸侯御
荼。」（《荀子》）",
956,莩,ㄈㄨˊ,莩甲、葭莩,
957,菸,丨ㄢ,戒菸、菸草,
958,華,"1.ㄏㄨㄚ
2.ㄏㄨㄚˊ
3.ㄏㄨㄚˋ","1.春華（同「春花」）
2.樸實無華、富貴榮華、光華
、華人、精華
3.華山（山名）；姓（如三國
魏有華歆）。",
959,菴,ㄢ,菴婪、菴廬、菴菴,
960,著,"1.˙ㄓㄜ
2.ㄓㄠ
3.ㄓㄠˊ","1.坐著、「你且慢著！」
2.著涼、著急、「三十六著，
走為上著。」（《水滸傳》
）
3.著火、「打著了！」、「睡",
流水號,國字,審定音,詞語例或說明,備注
,,,,
,,"4.ㄓㄨˋ
5.ㄓㄨㄛˊ","著了！」
4.名著、土著、著作
5.棋高一著、著實、著手、著
眼",
961,菲,"1.ㄈㄟ
2.ㄈㄟˇ","1.芳菲、菲律賓（國名）
2.菲食惡衣、葑菲之采、妄自
菲薄",
962,萎,ㄨㄟ,枯萎、萎靡,
963,菉,ㄌㄩˋ,菉豆,ㄌㄨˋ併讀為ㄌㄩˋ。
964,菔,ㄈㄨˊ,萊菔,ㄅㄛˊ併讀為ㄈㄨˊ。
965,菑,ㄗ,"菑畬（ㄩˊ）、「田一歲曰菑
。」（《爾雅》）",
966,葷,"1.ㄏㄨㄣ
2.ㄒㄩㄣ（限讀）","1.葷腥、葷菜
2.葷粥（ㄒㄩㄣ ㄩˋ，民族
名）",
967,落,"1.ㄌㄚˋ
2.ㄌㄠˋ
3.ㄌㄨㄛˋ","1.落了兩個字、落在後頭、丟
三落四
2.落枕、蓮花落
3.沒落、落難、落落大方、落
款、落腳、落下罵名、落伍
、降落、下落、村落",
968,葉,"1.ㄕㄜˋ
2.丨ㄝˋ","1.葉公（人名）、葉縣（地名
）
2.百葉窗、中葉、樹葉、一葉
扁舟",
969,葛,"1.ㄍㄜˊ
2.ㄍㄜˇ","1.杯葛、葛粉、糾葛、諸葛（
複姓，如三國蜀有諸葛亮）
。
2.姓（如晉代有葛洪）。",
970,葚,ㄕㄣˋ,桑葚,ㄖㄣˋ併讀為ㄕㄣˋ。
971,蓋,"1.ㄍㄜˇ
2.ㄍㄞˋ","1.蓋縣（地名）；姓（如漢代
有蓋寬饒）。
2.鋪蓋、搭蓋、天靈蓋、蓋仙",
流水號,國字,審定音,詞語例或說明,備注
,,,,
,,,、蓋世、鍋蓋、膝蓋,
972,蓁,ㄓㄣ,蓁莽、蓁蓁,
973,蔽,ㄅ丨ˋ,"蒙蔽、浮雲蔽日、一言蔽之、
掩蔽",
974,蔚,"1.ㄨㄟˋ
2.ㄩˋ","1.蔚藍、蔚為奇觀
2.蔚蔚；姓（如明代有蔚能）
。",
975,蔬,ㄕㄨ,蔬食、蔬菜,ㄙㄨ併讀為ㄕㄨ。
976,蔓,"1.ㄇㄢˊ
2.ㄇㄢˋ","1.蔓菁
2.蔓草、蔓延",
977,蔡,ㄘㄞˋ,"蓍蔡、姓（如漢代有蔡倫）；
古國名。",
978,蓼,"1.ㄌ丨ㄠˇ
2.ㄌㄨˋ","1.蓼藍、蓼花、「又集于蓼。
」（《詩經》）
2.蓼莪（ㄜˊ）",
979,蕈,ㄒㄩㄣˋ,蕈菇、蕈狀雲,ㄒ丨ㄣˋ併讀為ㄒㄩㄣˋ。
980,蕃,"1.ㄈㄢ
2.ㄈㄢˊ
3.ㄅㄛ（限讀）","1.蕃薯
2.蕃衍、「以蕃王室。」（《
尚書》）
3.吐蕃（民族名）",ㄈㄢ音，通「番」。
981,蕉,ㄐ丨ㄠ,香蕉、芭蕉扇,
982,薄,"1.ㄅㄛˊ
2.ㄅㄛˋ（限讀）","1.單薄、刻薄、厚薄、澆薄、
輕薄
2.薄荷（ㄏㄜˊ）",ㄅㄠˊ併讀為ㄅㄛˊ。
983,薜,ㄅ丨ˋ,薜荔、薜羅,
984,藏,"1.ㄗㄤˋ
2.ㄘㄤˊ","1.寶藏、西藏、藏青、三藏
2.典藏、藏匿",
985,藉,"1.ㄐ丨ˊ
2.ㄐ丨ㄝˋ","1.藉藉、聲名狼藉
2.憑藉、藉口、慰藉、蘊藉",
986,薺,"1.ㄐ丨ˋ
2.ㄑ丨ˊ（限讀）","1.薺菜
2.荸（ㄅ丨ˊ）薺",
流水號,國字,審定音,詞語例或說明,備注
,,,,
987,藷,"1.ㄓㄨ
2.ㄕㄨˇ","1.藷蔗
2.甘藷",ㄕㄨˇ音，通「薯」。
988,蘋,"1.ㄆ丨ㄣˊ
2.ㄆ丨ㄥˊ（限讀）","1.蘋草、采蘋（《詩經》篇名
）
2.蘋果","「蘋果」之「蘋」本音ㄆ丨ㄣˊ
，「ㄣ」（舌尖鼻音）音受「果
」字舌根聲母影響，同化為「ㄥ
」（舌根鼻音），屬連讀變音。"
989,蘘,ㄖㄤˊ,蘘荷,
990,虎,"1.ㄏㄨˇ
2.ㄏㄨ（限讀）","1.暴虎馮（ㄆ丨ㄥˊ）河、老
虎、狼吞虎嚥
2.馬虎",
991,處,"1.ㄔㄨˇ
2.ㄔㄨˋ","1.相處、處罰、處女、處理、
處士、設身處地
2.住處、益處",
992,虜,ㄌㄨˇ,俘虜、虜獲,ㄌㄨㄛˇ併讀為ㄌㄨˇ。
993,號,"1.ㄏㄠˊ
2.ㄏㄠˋ","1.怒號、號啕、號哭
2.號碼、號召、號外、記號、
這號人物",
994,虫,"1.ㄏㄨㄟˇ
2ㄔㄨㄥˊ","1.蝮虫；部首字。
2.「蟲」之異體字。",
995,虺,"1.ㄏㄨㄟ
2.ㄏㄨㄟˇ","1.「我馬虺隤。」（《詩經》
）
2.虺蜴、虺蜮、「虺虺其雷。
」（《詩經》）",
996,蚌,ㄅㄤˋ,蚌殼、老蚌生珠、蛤蚌,ㄅㄥˋ併讀為ㄅㄤˋ。
997,蛇,"1.ㄕㄜˊ
2.丨ˊ","1.白蛇、蛇蠍、蛇行
2.蛇蛇、委（ㄨㄟ）蛇",
998,蚵,"1.ㄎㄜ
2.ㄜˊ","1.屎蚵蜋
2.青蚵、蚵仔煎",ㄜˊ音源於閩南語，指牡蠣。
999,蛆,"1.ㄐㄩ
2.ㄑㄩ","1.蝍蛆
2.蛆蟲、攪肚蛆腸",
1000,蛤,"1.ㄍㄜˊ
2.ㄏㄚˊ（限讀）","1.蛤蜊、文蛤
2.蛤蟆（同「蝦蟆」）","「蛤蟆」口語變讀作ㄏㄚˊ
˙ㄇㄚ。"
流水號,國字,審定音,詞語例或說明,備注
,,,,
1001,蛾,ㄜˊ,飛蛾、蛾眉,
1002,蛻,ㄊㄨㄟˋ,蛻變、蛻皮、蟬蛻,ㄕㄨㄟˋ併讀為ㄊㄨㄟˋ。
1003,蜿,ㄨㄢ,蜷蜿、蜿蜒,ㄨㄢˇ併讀為ㄨㄢ。
1004,蝦,"1.ㄒ丨ㄚ
2.ㄏㄚˊ（限讀）","1.魚蝦、蝦米
2.蝦蟆（同「蛤蟆」）","「蝦蟆」口語變讀作ㄏㄚˊ
˙ㄇㄚ。"
1005,蝙,ㄅ丨ㄢ,蝙蝠,ㄅ丨ㄢˇ併讀為ㄅ丨ㄢ。
1006,螞,"1.ㄇㄚˇ
2.ㄇㄚˋ（限讀）","1.螞蝗、螞蟻
2.螞蚱","「螞蚱」口語變讀作ㄇㄚˋ
˙ㄓㄚ。"
1007,蟀,ㄕㄨㄞˋ,蟋蟀,ㄕㄨㄛˋ併讀為ㄕㄨㄞˋ。
1008,螫,ㄓㄜ,螫傷,ㄕˋ併讀為ㄓㄜ。
1009,蟄,ㄓˊ,驚蟄、蟄伏,ㄓㄜˊ併讀為ㄓˊ。
1010,蟹,ㄒ丨ㄝˋ,螃蟹、蟹黃、蟹行,ㄒ丨ㄝˇ併讀為ㄒ丨ㄝˋ。
1011,蠕,ㄖㄨˊ,蠕動、蠕形動物,
1012,蠡,"1.ㄌ丨ˊ
2.ㄌ丨ˇ","1.瓢蠡、蠡測
2.范蠡（人名）、蠡縣（地名
）",
1013,血,ㄒ丨ㄝˇ,"兵不血刃、血統、血氣方剛、
血液",ㄒㄩㄝˋ併讀為ㄒ丨ㄝˇ。
1014,行,"1.ㄏㄤˊ
2.ㄏㄤˋ
3.ㄒ丨ㄥˊ
4.ㄒ丨ㄥˋ","1.排行、同行、內行、行頭（
軍隊隊長或行業頭子）、行
列、行行出狀元、行家
2.「子路行行如也。」（《論
語》）
3.流行、行頭（衣飾裝備或演
戲道具）、行程、行書、行
為、人行道、五行
4.品行、德行、行狀",
流水號,國字,審定音,詞語例或說明,備注
,,,,
1015,術,ㄕㄨˋ,回天乏術、術語、藝術,
1016,衙,丨ㄚˊ,蜂衙、早衙、衙門,
1017,衝,"1.ㄔㄨㄥ
2.ㄔㄨㄥˋ","1.衝動、衝突、衝冠、衝口而
出、衝刺、要衝
2.衝南走、「他的脾氣太衝了
！」、「這蒜味很衝！」「
衝著你的面子。」",
1018,衣,"1.丨
2.丨ˋ","1.糖衣、和衣而睡、衣服
2.衣錦還鄉",文言動詞義，音丨ˋ。
1019,衰,"1.ㄕㄨㄞ
2.ㄘㄨㄟ","1.衰退、衰老、衰弱、興衰
2.斬衰、「相地而衰其政。」
（《管子》）",
1020,被,ㄅㄟˋ,被迫、被動、棉被,
1021,裳,"1.ㄔㄤˊ
2.˙ㄕㄤ（限讀）","1.霓裳羽衣、「綠兮衣兮，綠
衣黃裳。」（《詩經》）、
「雲想衣裳花想容」（唐．
李白〈清平調〉）
2.衣裳",「衣裳」口語讀作丨 ˙ㄕㄤ。
1022,裨,"1.ㄅ丨ˋ
2.ㄆ丨ˊ","1.裨益、無裨於事
2.裨將；姓（如春秋時鄭國有
裨諶）。",
1023,褪,ㄊㄨㄣˋ,褪毛、褪色、褪衣,"1.ㄊㄨㄟˋ併讀為ㄊㄨㄣˋ。
2.「褪色」亦作「退（ㄊㄨㄟˋ
）色」。"
1024,褶,"1.ㄉ丨ㄝˊ
2.ㄒㄩㄝˊ
3.ㄓㄜˊ","1.「帛為褶。」（《禮記》）
2.褶子（戲裝或長袍）
3.褶曲、皺褶、百褶裙、褶子
（折痕）","1.ㄒ丨ˊ併讀為ㄒㄩㄝˊ。
2.ㄓㄜˇ併讀為ㄓㄜˊ。"
1025,要,"1.丨ㄠ
2.丨ㄠˋ","1.要功、要求、要脅；姓（如
漢代有要競）。
2.需要、摘要、要職",
1026,覃,"1.ㄊㄢˊ
2.ㄑ丨ㄣˊ","1.覃思、「覃及鬼方。」（《
詩經》）
2.姓（如明代有覃應充）。",
流水號,國字,審定音,詞語例或說明,備注
,,,,
1027,見,ㄐ丨ㄢˋ,拜見、看見、見解、見笑,
1028,親,"1.ㄑ丨ㄣ
2.ㄑ丨ㄥˋ","1.親近、親戚、親兄弟、親熱
、親吻
2.親家、親翁",
1029,覲,ㄐ丨ㄣˋ,覲見、朝覲,ㄐ丨ㄣˇ併讀為ㄐ丨ㄣˋ。
1030,覺,"1.ㄐ丨ㄠˋ
2.ㄐㄩㄝˊ","1.睡了一覺、睡覺
2.發覺、覺得、覺醒、覺悟、
知覺",
1031,觀,"1.ㄍㄨㄢ
2.ㄍㄨㄢˋ","1.美觀、參觀
2.道觀、宮觀、貞觀之治",
1032,角,"1.ㄌㄨˋ
2.ㄐ丨ㄠˇ
3.ㄐㄩㄝˊ","1.角里（同「甪（ㄌㄨˋ）里
」。地名、複姓）
2.八角、牛角、口角、角力、
角落、總角
3.名角、角調（古代五音：宮
、商、角、徵、羽）、角色
、角宿、主角","「角色」亦作「腳（ㄐ丨ㄠˇ）
色」。"
1033,解,"1.ㄐ丨ㄝˇ
2.ㄐ丨ㄝˋ
3.ㄒ丨ㄝˋ","1.庖丁解牛、和解、解剖、解
悶、解脫、見解
2.解元、押解
3.解縣（地名）；姓（如春秋
時有解狐）。",
1034,言,丨ㄢˊ,有言在先、言論、語言,
1035,訥,ㄋㄜˋ,樸訥、木訥,ㄋㄚˋ併讀為ㄋㄜˋ。
1036,許,ㄒㄩˇ,"或許、期許、許配、許多、稱
許、允許",
1037,詐,ㄓㄚˋ,奸詐、詐欺、詐術,ㄓㄚˇ併讀為ㄓㄚˋ。
1038,診,ㄓㄣˇ,門診、診斷、診所,ㄓㄣ併讀為ㄓㄣˇ。
1039,訾,ㄗˇ,訾病、訾議,
流水號,國字,審定音,詞語例或說明,備注
,,,,
1040,語,"1.ㄩˇ
2.ㄩˋ","1.閒言閒語、手語、語言
2.語人、「吾語汝。」（《論
語》）",作文言動詞用，音ㄩˋ。
1041,誣,ㄨ,辯誣、誣衊、誣賴,ㄨˊ併讀為ㄨ。
1042,說,"1.ㄕㄨㄛ
2.ㄕㄨㄟˋ","1.關說、光說不練、邪說、小
說、說明、說話
2.說服、說客、游說",
1043,誨,ㄏㄨㄟˋ,誨人不倦、誨安、教誨,ㄏㄨㄟˇ併讀為ㄏㄨㄟˋ。
1044,誼,丨ˋ,聯誼、交誼、友誼,丨ˊ併讀為丨ˋ。
1045,諒,ㄌ丨ㄤˋ,"體諒、諒可、原諒、「友直、
友諒、友多聞，益矣。」（《
論語》）",
1046,請,"1.ㄐ丨ㄥˋ
2.ㄑ丨ㄥˇ","1.朝請
2.請帖、請客、請求、請問、
邀請",
1047,調,"1.ㄉ丨ㄠˋ
2.ㄊ丨ㄠˊ","1.調撥、調換、調查、格調、
聲調
2.調皮、調頻、調羹、調笑、
調色、調養",
1048,誰,ㄕㄟˊ,捨我其誰、誰知、誰人,ㄕㄨㄟˊ併讀為ㄕㄟˊ。
1049,論,"1.ㄌㄨㄣˊ
2.ㄌㄨㄣˋ","1.論語（書名）；姓（如唐代
有論惟明）。
2.論罪、爭論、議論、言論",
1050,諷,ㄈㄥˋ,反諷、諷經、諷刺,ㄈㄥ併讀為ㄈㄥˋ。
1051,謎,ㄇ丨ˊ,猜謎、啞謎,ㄇ丨ˋ併讀為ㄇ丨ˊ。
1052,謙,ㄑ丨ㄢ,謙謙、謙虛、謙讓、謙詞,
1053,識,"1.ㄓˋ
2.ㄕˋ","1.博聞強識、標識、默識
2.見識、常識、識別",
流水號,國字,審定音,詞語例或說明,備注
,,,,
1054,讀,"1.ㄉㄡˋ
2.ㄉㄨˊ","1.句讀
2.讀本、讀書、攻讀",
1055,谷,"1.ㄍㄨˇ
2.ㄩˋ（限讀）","1.進退維谷、山谷；姓（如漢
代有谷永）。
2.吐谷渾（古國名）",
1056,豁,"1.ㄏㄨㄛˋ
2.ㄏㄨㄚˊ（限讀）","1.豁免、豁達、豁出去
2.豁拳",
1057,谿,ㄒ丨,谿谷、谿壑,ㄑ丨併讀為ㄒ丨。
1058,豈,ㄑ丨ˇ,豈能、豈敢、豈有此理,
1059,豉,ㄔˇ,豆豉、豉蟲,ㄕˋ併讀為ㄔˇ。
1060,貉,"1.ㄏㄜˊ
2.ㄇㄛˋ","1.貉絨、一丘之貉
2.「貊」之異體字。",ㄏㄠˊ併讀為ㄏㄜˊ。
1061,責,ㄗㄜˊ,職責、責備、責難、責任,
1062,賁,"1.ㄅㄣ
2.ㄅ丨ˋ","1.賁門、賁士、虎賁、血脈賁
張
2.賁臨、賁卦（《易經》卦名
）、賁然",
1063,費,ㄈㄟˋ,費率、費心、花費、經費,
1064,貿,ㄇㄠˋ,貿然、貿易、外貿、,ㄇㄡˋ併讀為ㄇㄠˋ。
1065,貸,ㄉㄞˋ,貸款、責無旁貸、嚴懲不貸,
1066,賊,ㄗㄟˊ,竊賊、賊頭賊腦、賊害,ㄗㄜˊ併讀為ㄗㄟˊ。
1067,賈,"1.ㄍㄨˇ
2.ㄐ丨ㄚˇ","1.賈利、賈禍、商賈
2.姓（如漢代有賈誼）。",
1068,賄,ㄏㄨㄟˋ,行賄、賄賂,ㄏㄨㄟˇ併讀為ㄏㄨㄟˋ。
1069,賃,ㄌ丨ㄣˋ,賃金、租賃,ㄖㄣˋ併讀為ㄌ丨ㄣˋ。
流水號,國字,審定音,詞語例或說明,備注
,,,,
1070,賓,ㄅ丨ㄣ,賓白、賓果、來賓,
1071,賢,ㄒ丨ㄢˊ,"賢明、賢伉儷、賢慧、賢賢易
色、聖賢",
1072,賜,ㄙˋ,賞賜、賜教,ㄘˋ併讀為ㄙˋ。
1073,質,"1.ㄓˊ
2.ㄓˋ","1.性質、質樸、質問、物質
2.典質、人質",
1074,賺,ㄓㄨㄢˋ,淨賺、賺錢、賺取,
1075,贛,ㄍㄢˋ,"贛江（河川名）、贛縣（縣名
）",
1076,赳,ㄐ丨ㄡ,赳赳,ㄐ丨ㄡˇ併讀為ㄐ丨ㄡ。
1077,趣,ㄑㄩˋ,趣味、興趣、旨趣、有趣,
1078,趨,ㄑㄩ,趨前、趨勢、趨炎附勢,
1079,足,"1.ㄗㄨˊ
2.ㄐㄩˋ（限讀）","1.手足、微不足道
2.足恭",
1080,跑,"1.ㄆㄠˊ
2.ㄆㄠˇ","1.虎跑泉（地名）、「（馬）
以足跑地久之。」（《西京
雜記》）
2.跑步、跑新聞、逃跑、賽跑",
1081,跛,ㄅㄛˇ,跛腳、跛子,
1082,踅,ㄒㄩㄝˊ,打踅、踅來踅去,
1083,踝,ㄏㄨㄞˊ,踝骨、腳踝,ㄏㄨㄚˋ併讀為ㄏㄨㄞˊ。
1084,踹,ㄔㄨㄞˋ,把門踹開、踹踏、踹落,
1085,蹣,ㄇㄢˊ,蹣跼、蹣跚,ㄆㄢˊ併讀為ㄇㄢˊ。
1086,蹲,ㄉㄨㄣ,半蹲、蹲坐,
流水號,國字,審定音,詞語例或說明,備注
,,,,
1087,蹶,ㄐㄩㄝˊ,蹶然、一蹶不振,ㄐㄩㄝˇ併讀為ㄐㄩㄝˊ。
1088,躂,"1.ㄊㄚˋ
2.ㄉㄚ（限讀）","1.踢躂
2.蹓躂（亦作「遛達」）","「蹓躂」口語變讀作ㄌ丨ㄡˋ
˙ㄉㄚ。"
1089,躍,ㄩㄝˋ,"跳躍、活躍、雀躍、躍變、躍
居",丨ㄠˋ併讀為ㄩㄝˋ。
1090,身,"1.ㄕㄣ
2.ㄐㄩㄢ（限讀）","1.本身、大顯身手、身體、腰
身
2.身毒（古國名）",
1091,車,"1.ㄔㄜ
2.ㄐㄩ（限讀）","1.閉門造車、輔車相依、汽車
、學富五車、車裂、車衣服
、安步當車；姓（如漢代有
車順）。
2.車馬炮","象棋子名及其相關詞語，音ㄐㄩ，
其餘皆讀為ㄔㄜ。"
1092,軋,"1.ㄍㄚˊ
2.丨ㄚˋ","1.牛軋糖、軋頭寸
2.傾軋、軋路機、軋軋",
1093,軸,ㄓㄡˊ,卷軸、軸心、主軸、車軸,ㄓㄨˊ、ㄓㄡˋ併讀為ㄓㄡˊ。
1094,較,ㄐ丨ㄠˋ,比較、計較、較量、較好,ㄐ丨ㄠˇ併讀為ㄐ丨ㄠˋ。
1095,載,"1.ㄗㄞˇ
2.ㄗㄞˋ","1.千載難逢、一年半載
2.刊載、記載、下載、載歌載
舞、載客、載記、載重量、
文以載道",
1096,輾,"1.ㄋ丨ㄢˇ
2.ㄓㄢˇ","1.輾斃、輾傷
2.輾轉、輾轉反側",
1097,轂,"1.ㄍㄨ
2.ㄍㄨˇ","1.轂轆
2.推轂、輦轂、轂擊肩摩",
1098,轉,"1.ㄓㄨㄢˇ
2.ㄓㄨㄢˋ","1.流轉、起承轉合、旋轉、轉
交、轉學、轉彎、轉運、「
這話轉得太硬。」、「颱風
轉向了。」
2.地球自轉、團團轉、公轉、
轉圈兒、暈頭轉向","改變方向的活動，音ㄓㄨㄢˇ；
繞著軸心及回到原點的運動，音
ㄓㄨㄢˋ。"
1099,轍,"1.ㄓㄜˊ
2.ㄔㄜˋ","1.合轍、「沒轍了！」
2.車轍、如出一轍",
流水號,國字,審定音,詞語例或說明,備注
,,,,
1100,辟,"1.ㄅ丨ˋ
2.ㄆ丨ˋ","1.鞭辟入裡、辟召、復辟
2.辟匿、大辟、辟除",
1101,辱,ㄖㄨˋ,奇恥大辱、羞辱,ㄖㄨˇ併讀為ㄖㄨˋ。
1102,迆,丨ˊ,逶迆,
1103,迎,丨ㄥˊ,逢迎、迎風、迎接,丨ㄥˋ併讀為丨ㄥˊ。
1104,追,"1.ㄉㄨㄟ
2.ㄓㄨㄟ","1.追蠡（古官名）、「追琢其
章，金玉其相。」（《詩經
》）
2.追兵、追究、追逐、追憶、
追問",
1105,逅,ㄏㄡˋ,邂逅、邂逅之緣,ㄍㄡˋ併讀為ㄏㄡˋ。
1106,迸,ㄅㄥˋ,迸裂、迸出、火光迸濺,
1107,這,ㄓㄜˋ,"這裡、這時候、「這就回來。
」",
1108,造,ㄗㄠˋ,可造之才、建造、創造,
1109,逢,"1.ㄆㄥˊ
2.ㄈㄥˊ","1.逢逢；姓（如夏朝有逢蒙）
。
2.逢場作戲、逢迎、相逢",
1110,逮,"1.ㄉㄞˇ
2.ㄉㄞˋ","1.貓逮老鼠、逮捕、逮住
2.力有未逮","捉捕義，音ㄉㄞˇ；及、至義，
音ㄉㄞˋ。"
1111,遂,ㄙㄨㄟˋ,毛遂自薦、順遂,ㄙㄨㄟˊ併讀為ㄙㄨㄟˋ。
1112,達,ㄉㄚˊ,表達、到達、四通八達,
1113,逼,ㄅ丨,逼迫、逼近,ㄅ丨ˋ併讀為ㄅ丨。
1114,過,"1.ㄍㄨㄛ
2.ㄍㄨㄛˋ","1.姓（如漢代有過晏）。
2.過訪、過度、過錯、經過、
才智過人",
流水號,國字,審定音,詞語例或說明,備注
,,,,
1115,遍,ㄅ丨ㄢˋ,遍布、遍地、普遍,ㄆ丨ㄢˋ併讀為ㄅ丨ㄢˋ。
1116,遠,"1.ㄩㄢˇ
2.ㄩㄢˋ","1.遠見、遠行、遙遠
2.敬而遠之、「君子遠庖廚。
」（《孟子》）","作動詞時，音ㄩㄢˋ，多見於文
言。"
1117,遜,ㄒㄩㄣˋ,略遜一籌、謙遜、遜色,ㄙㄨㄣˋ併讀為ㄒㄩㄣˋ。
1118,遛,ㄌ丨ㄡˋ,遛達（亦作「蹓躂」）、遛狗,"「遛達」口語變讀作ㄌ丨ㄡˋ
˙ㄉㄚ。"
1119,適,"1.ㄉ丨ˊ
2.ㄕˋ","1.適孫、「無適也，無莫也。
」（《論語》）
2.合適、舒適",
1120,遮,ㄓㄜ,遮路、遮蓋、遮住,
1121,遴,ㄌ丨ㄣˊ,遴派、遴選,
1122,遲,ㄔˊ,美人遲暮、遲鈍、遲緩、延遲,
1123,遺,"1.丨ˊ
2.ㄨㄟˋ","1.遺漏、遺傳、遺贈、遺言、
遺忘
2.「遺我雙鯉魚。」（《文選
．古樂府．飲馬長城窟》）",
1124,避,ㄅ丨ˋ,避免、避難、避暑勝地,ㄅㄟˋ併讀為ㄅ丨ˋ。
1125,還,"1.ㄏㄞˊ
2.ㄏㄨㄢˊ","1.還可以、還是、還早
2.還債、還原、乍暖還寒、償
還",
1126,邪,"1.ㄒ丨ㄝˊ
2.丨ㄝˊ","1.改邪歸正、邪惡
2.琅邪（地名）、「儻所謂天
道，是邪？非邪？」（《史
記》）",ㄒ丨ㄚˊ併讀為ㄒ丨ㄝˊ。
1127,那,"1.ㄋㄚ
2.ㄋㄚˇ
3.ㄋㄚˋ
4.ㄋㄨㄛˊ","1.姓（如明代有那鑒）。
2.那怕、那得、那能、那堪
3.那麼、那個、剎（ㄔㄚˋ）
那
4.「受福不那。」（《詩經》",ㄋㄜˋ併讀為ㄋㄚˋ。
流水號,國字,審定音,詞語例或說明,備注
,,,,
,,,"）、「有那其居。」（《詩
經》）；《詩經》篇名。",
1128,郝,ㄏㄠˇ,姓（如漢代有郝賢）；地名。,ㄏㄜˋ併讀為ㄏㄠˇ。
1129,都,"1.ㄉㄡ
2.ㄉㄨ","1.大都如此、都好、都是
2.都會區、都市、首都",
1130,鄉,ㄒ丨ㄤ,"同鄉、家鄉、鄉土文學、鄉親
、鄉下、鄉鎮",
1131,鄙,ㄅ丨ˇ,卑鄙、鄙視,ㄅ丨ˋ併讀為ㄅ丨ˇ。
1132,酊,"1.ㄉ丨ㄥ
2.ㄉ丨ㄥˇ","1.碘酊、酊劑
2.酩酊",
1133,酢,"1.ㄗㄨㄛˋ
2.ㄘㄨˋ","1.酬酢
2.酢漿草",
1134,酪,ㄌㄨㄛˋ,奶酪、酪梨、乳酪,ㄌㄠˋ併讀為ㄌㄨㄛˋ。
1135,酩,ㄇ丨ㄥˊ,酩酊（ㄉ丨ㄥˇ）,ㄇ丨ㄥˇ併讀為ㄇ丨ㄥˊ。
1136,酵,ㄒ丨ㄠˋ,發酵、酵母菌、酵素,ㄐ丨ㄠˋ併讀為ㄒ丨ㄠˋ。
1137,醋,ㄘㄨˋ,加油添醋、吃醋、醋意,
1138,醒,ㄒ丨ㄥˇ,提醒、清醒,ㄒ丨ㄥ併讀為ㄒ丨ㄥˇ。
1139,釃,ㄙ,「釃，下酒也。」（《說文》）,ㄕ併讀為ㄙ。
1140,采,ㄘㄞˇ,沒精打采、喝采、精采,
1141,重,"1.ㄓㄨㄥˋ
2.ㄔㄨㄥˊ","1.體重、口味重、庫房重地、
敬重、慎重、重罰、重用
2.重複、重來、萬重山",
1142,量,"1.ㄌ丨ㄤˊ
2.ㄌ丨ㄤˋ","1.評量、考量、量表、量體重
、量尺、測量、思量
2.度量衡、量力而為、較量、
重量、容量","商酌、斟酌及以工具計算物體性
質義，音ㄌ丨ㄤˊ；名詞及大約
估算義，音ㄌ丨ㄤˋ。"
流水號,國字,審定音,詞語例或說明,備注
,,,,
1143,釐,"1.ㄌ丨ˊ
2.ㄒ丨","1.公釐、釐清、「釐爾圭瓚。
」（《詩經》）
2.祝釐、春釐",ㄒ丨音，通「禧」。
1144,釘,"1.ㄉ丨ㄥ
2.ㄉ丨ㄥˋ","1.補釘、鐵釘
2.釘門牌、釘扣子、釘書機",
1145,鈔,ㄔㄠ,紙鈔、整鈔、偽鈔,ㄔㄠˋ併讀為ㄔㄠ。
1146,鈷,"1.ㄍㄨˇ
2.ㄍㄨ（限讀）","1.鈷鉧（熨斗）、鈷鉧潭記（
唐．柳宗元〈永州八記〉之
一）
2.化學元素。",
1147,鈸,ㄅㄚˊ,門鈸、鼓鈸,ㄅㄛˊ併讀為ㄅㄚˊ。
1148,鈾,丨ㄡˋ,天然鈾、鈾礦,丨ㄡˊ併讀為丨ㄡˋ。
1149,鉛,"1.ㄑ丨ㄢ
2.丨ㄢˊ","1.鉛筆、鉛球；化學元素。
2.鉛山（地名）、「越月踰時
，則必反鉛過故鄉。」（《
荀子》）",
1150,銻,"1.ㄊ丨ˊ
2.ㄊ丨ˋ（限讀）","1.鎕銻
2.化學元素。",
1151,鋪,"1.ㄆㄨ
2.ㄆㄨˋ","1.鋪蓋、鋪張、鋪陳、鋪床
2.當鋪、店鋪、床鋪",
1152,鋸,ㄐㄩˋ,鋸斷、鋸子,
1153,錯,ㄘㄨㄛˋ,"不錯、認錯、「舉直錯諸枉。
」（《論語》）",ㄘㄨˋ併讀為ㄘㄨㄛˋ。
1154,錢,ㄑ丨ㄢˊ,"錢幣、金錢、錢包；姓（如清
代有錢大昕）。",
1155,鋼,"1.ㄍㄤ
2.ㄍㄤˋ","1.不鏽鋼、鋼筆、鋼鐵廠
2.「這刀鈍了，得鋼一鋼。」",
1156,鏑,"1.ㄉ丨ˊ
2.ㄉ丨（限讀）","1.鳴鏑、鏑鋒
2.化學元素。",
1157,鏃,ㄗㄨˊ,飛鏃、箭鏃,ㄘㄨˋ併讀為ㄗㄨˊ。
流水號,國字,審定音,詞語例或說明,備注
,,,,
1158,鏜,ㄊㄤ,"「擊鼓其鏜，踊躍用兵。」（
詩經》）",
1159,鎩,ㄕㄚ,鎩羽而歸,ㄕㄞˋ併讀為ㄕㄚ。
1160,鐐,ㄌ丨ㄠˊ,鐵鐐、腳鐐,ㄌ丨ㄠˋ併讀為ㄌ丨ㄠˊ。
1161,鐺,"1.ㄉㄤ
2.ㄔㄥ","1.鋃鐺、鈴鐺
2.酒鐺、茶鐺",
1162,鑲,ㄒ丨ㄤ,鑲邊、鑲嵌,
1163,鑰,丨ㄠˋ,市鑰、鑰匙,ㄩㄝˋ併讀為丨ㄠˋ。
1164,鑽,"1.ㄗㄨㄢ
2.ㄗㄨㄢˋ","1.鑽木取火、鑽洞、鑽研
2.鑽戒、鑽子",ㄗㄨㄢˇ併讀為ㄗㄨㄢ。
1165,鑿,ㄗㄠˊ,開鑿、穿鑿附會,ㄗㄨㄛˋ併讀為ㄗㄠˊ。
1166,長,"1.ㄓㄤˇ
2.ㄓㄤˋ
3.ㄔㄤˊ","1.首長、生長、尊長
2.身無長物
3.專長、長短、長久、長生不
老、冗長",
1167,間,"1.ㄐ丨ㄢ
2.ㄐ丨ㄢˋ","1.房間、隔間、時間
2.離間、間不容髮、間諜、間
斷、間或、間隙",
1168,閒,ㄒ丨ㄢˊ,忙裡偷閒、等閒、閒逛,
1169,閩,ㄇ丨ㄣˇ,閩南、閩語,ㄇ丨ㄣˊ併讀為ㄇ丨ㄣˇ。
1170,閤,"1.ㄍㄜˊ
2.ㄏㄜˊ","1.閉閤思過、賓客常滿閤、閨
閤
2.閤第光臨、閤家",
1171,闖,ㄔㄨㄤˇ,闖蕩、闖關、私闖,ㄔㄨㄤˋ併讀為ㄔㄨㄤˇ。
1172,闕,"1.ㄑㄩㄝ
2.ㄑㄩㄝˋ","1.付之闕如、闕文
2.宮闕、城闕；姓（如漢代有
闕翊）。",
流水號,國字,審定音,詞語例或說明,備注
,,,,
1173,阿,"1.ㄜ
2.ㄚ","1.山阿、阿彌陀佛、阿房宮、
阿膠、阿諛；姓（如唐代有
阿光進）。
2.阿伯、阿斗",ㄚˋ併讀為ㄚ。
1174,降,"1.ㄐ丨ㄤˋ
2.ㄒ丨ㄤˊ","1.降落傘、降雨、霜降
2.投降、降服、降龍伏虎",
1175,陳,ㄔㄣˊ,"陳列、陳舊、陳設、陳述；姓
（如漢代有陳平）。",
1176,陸,"1.ㄌ丨ㄡˋ
2.ㄌㄨˋ","1.數目字「六」的大寫。
2.登陸、陸地、陸軍、陸續、
光怪陸離；姓（如宋代有陸
九淵）。",
1177,陰,丨ㄣ,"陰天、陰離子、陰間、陰性；
姓（如隋代有陰世師）。",
1178,陶,"1.ㄊㄠˊ
2.丨ㄠˊ（限讀）","1.陶陶、陶器、陶醉、陶冶；
姓（如晉代有陶潛）。
2.皋陶（人名）",
1179,隘,ㄞˋ,邊隘、狹隘、山隘、要隘,
1180,隕,ㄩㄣˇ,隕落、隕石、隕越,
1181,隱,丨ㄣˇ,退隱、惻隱之心、隱蔽、隱情,
1182,雀,ㄑㄩㄝˋ,麻雀、雀斑、雀屏中選,ㄑ丨ㄠˇ、ㄑ丨ㄠ併讀為ㄑㄩㄝˋ。
1183,雅,"1.丨ㄚ
2.丨ㄚˇ","1.「鴉」之本字。
2.素雅、雅量、雅士、雅言、
文雅",
1184,雋,"1.ㄐㄩㄢˋ
2.ㄐㄩㄣˋ","1.雋語、雋永
2.雋秀、雋才",
1185,雌,ㄘ,雌黃、雌雄,ㄘˊ併讀為ㄘ。
1186,雖,ㄙㄨㄟ,"雖然、「麻雀雖小，五臟俱全
。」",ㄙㄨㄟˊ併讀為ㄙㄨㄟ。
1187,雙,ㄕㄨㄤ,雙倍、雙數、一雙鞋子,ㄕㄨㄤˋ併讀為ㄕㄨㄤ。
流水號,國字,審定音,詞語例或說明,備注
,,,,
1188,難,"1.ㄋㄢˊ
2.ㄋㄢˋ
3.ㄋㄨㄛˊ","1.難題、難堪、克難、進退兩
難、疑難、為難
2.災難、問難
3.「隰桑有阿，其葉有難。」
（《詩經》）",
1189,雨,"1.ㄩˇ
2.ㄩˋ","1.冬雨、下雨
2.春雨（ㄩˇ）雨人、「雨我
公田，遂及我私。」（《詩
經》）",作動詞時，音ㄩˋ。
1190,雪,ㄒㄩㄝˇ,白雪、雪白、雪恥,ㄒㄩㄝˋ併讀為ㄒㄩㄝˇ。
1191,雩,ㄩˊ,舞雩、雩祀,
1192,雹,ㄅㄠˊ,冰雹、雷霆電雹,ㄅㄛˊ併讀為ㄅㄠˊ。
1193,零,ㄌ丨ㄥˊ,"飄零、零碼、零件、零食、歸
零",
1194,需,ㄒㄩ,必需、需求、需要,
1195,霸,"1.ㄅㄚˋ
2.ㄆㄛˋ","1.春秋五霸、霸占、霸王
2.哉生霸（月相名）、哉死霸
（月相名）",
1196,露,"1.ㄌㄡˋ
2.ㄌㄨˋ","1.露了口風、露出馬腳、衣角
外露
2.暴露、瑪麗蓮夢露（人名）
、玫瑰露、透露、顯露","口語單用為動詞時，音ㄌㄡˋ；
複詞用法及液體義，音ㄌㄨˋ。"
1197,青,ㄑ丨ㄥ,"名垂青史、踏青、青天、青年
、青春",
1198,非,ㄈㄟ,非法、答非所問、是非,
1199,靡,ㄇ丨ˇ,靡靡之音、靡麗、所向披靡,
1200,靦,"1.ㄇ丨ㄢˇ
2.ㄊ丨ㄢˇ","1.靦腆（ㄊ丨ㄢˇ）
2.靦臉、靦顏",
1201,革,ㄍㄜˊ,"皮革、革命、革除；姓（如漢
代有革鑒）。",
流水號,國字,審定音,詞語例或說明,備注
,,,,
1202,靶,"1.ㄅㄚˇ
2.ㄅㄚˋ","1.打靶、箭靶
2.刀子靶、話靶",用同「把」時，音ㄅㄚˋ。
1203,鞅,丨ㄤ,商鞅（人名）、鞅鞅,丨ㄤˇ併讀為丨ㄤ。
1204,鞘,ㄑ丨ㄠˋ,劍鞘、葉鞘,
1205,韁,ㄐ丨ㄤ,脫韁之馬、韁繩,ㄍㄤ併讀為ㄐ丨ㄤ。
1206,音,丨ㄣ,口音、靜候佳音、聲音,
1207,頁,丨ㄝˋ,活頁、頁碼,
1208,頃,ㄑ丨ㄥˇ,公頃、頃刻,
1209,頓,"1.ㄉㄨㄣˋ
2.ㄉㄨˊ（限讀）","1.頓首、頓悟、整頓、一頓飯
2.冒頓（ㄇㄛˋ ㄉㄨˊ，漢初
匈奴的單于）",
1210,頌,ㄙㄨㄥˋ,歌頌、頌詞,
1211,頗,ㄆㄛˇ,頗佳、頗為可觀、偏頗,ㄆㄛ併讀為ㄆㄛˇ。
1212,頡,"1.ㄐ丨ㄝˊ
2.ㄒ丨ㄝˊ","1.盜頡資糧、倉頡（人名）
2.頡頏（ㄏㄤˊ）",
1213,頦,"1.ㄎㄜ語
2.ㄏㄞˊ讀","1.下巴頦兒
2.下頦",
1214,頸,"1.ㄐ丨ㄥˇ
2.ㄍㄥˇ（限讀）","1.瓶頸、頸項
2.脖頸子",
1215,頭,"1.ㄊㄡˊ
2.˙ㄊㄡ","1.白頭偕老、百尺竿頭、回頭
2.指頭、石頭",
1216,顆,ㄎㄜ,顆粒、一顆糖果,
1217,額,ㄜˊ,匾額、名額、額頭,
1218,顫,ㄓㄢˋ,膽顫心驚、冷顫、顫抖,ㄔㄢˋ併讀為ㄓㄢˋ。
流水號,國字,審定音,詞語例或說明,備注
,,,,
1219,風,"1.ㄈㄥ
2.ㄈㄥˋ","1.風波、風馬牛不相及、風度
、風乾、風寒、風聞、通風
報信、校風、微風
2.春風（ㄈㄥ）風人",作動詞吹義時，音ㄈㄥˋ。
1220,食,"1.ㄕˊ
2.ㄙˋ
3.丨ˋ（限讀）","1.伙食、食物
2.簞食、以餅食人
3.酈食其（ㄌ丨ˋ 丨ˋ ㄐ丨
，人名）",
1221,飩,ㄉㄨㄣˋ,餛飩,ㄊㄨㄣˊ併讀為ㄉㄨㄣˋ。
1222,飲,"1.丨ㄣˇ
2.丨ㄣˋ","1.暢飲、飲恨、飲食
2.飲馬、「酌而飲寡人。」（
《禮記》）",作使役動詞用，音丨ㄣˋ。
1223,養,"1.丨ㄤˇ
2.丨ㄤˋ","1.撫養小孩、養蘭、養雞鴨、
養育
2.奉養；「烏鳥私情，願乞終
養。」（三國蜀．李密〈陳
情表〉）",對父母之侍奉，音丨ㄤˋ。
1224,餚,丨ㄠˊ,佳餚、菜餚,ㄒ丨ㄠˊ併讀為丨ㄠˊ。
1225,餾,ㄌ丨ㄡˋ,乾餾、精餾、蒸餾,ㄌ丨ㄡˊ併讀為ㄌ丨ㄡˋ。
1226,馨,ㄒ丨ㄣ,康乃馨、清馨、馨香,ㄒ丨ㄥ併讀為ㄒ丨ㄣ。
1227,馮,"1.ㄆ丨ㄥˊ
2.ㄈㄥˊ","1.暴虎馮河、馮虛御風
2.姓（如明代有馮夢龍）。",
1228,馱,"1.ㄉㄨㄛˋ
2.ㄊㄨㄛˊ","1.馱子、騾馱子
2.馱運","作名詞義時，音ㄉㄨㄛˋ；作動
詞義時，音ㄊㄨㄛˊ。"
1229,馴,ㄒㄩㄣˊ,馴服、馴良、溫馴,
1230,騎,"1.ㄐ丨ˋ
2.ㄑ丨ˊ","1.驃騎、輕騎
2.騎兵、騎馬、騎樓、騎車","作名詞時，音ㄐ丨ˋ，多見於文
言。"
1231,騫,ㄑ丨ㄢ,"騫騰、張騫（人名）、「如南
山之壽，不騫不崩。」（《詩
經》）",
流水號,國字,審定音,詞語例或說明,備注
,,,,
1232,驁,ㄠˊ,桀驁不遜、驁放,ㄠˋ併讀為ㄠˊ。
1233,驏,ㄓㄢˋ,"「易驏馬而遁。」（《清史稿
》）",ㄔㄢˇ併讀為ㄓㄢˋ。
1234,骨,"1.ㄍㄨ
2.ㄍㄨˇ
3.ㄍㄨˊ（限讀）","1.骨朵兒、骨碌
2.骨骼、骨肉、傘骨
3.骨頭（˙ㄊㄡ）",
1235,骯,ㄤ,骯髒,
1236,髒,ㄗㄤ,"骯髒、髒話、髒錢；「別髒了
我的手。」",
1237,髻,ㄐ丨ˋ,包髻、髮髻,
1238,鬲,"1.ㄌ丨ˋ
2.ㄍㄜˊ","1.「鬲，鼎屬也。」（《說文
》）
2.鬲咽、鬲俞（穴道名）、有
鬲（古國名）",
1239,鬻,ㄩˋ,賣官鬻爵、炫鬻,
1240,魄,"1.ㄆㄛˋ
2.ㄊㄨㄛˋ（限讀）","1.體魄、魂魄、失魂落魄
2.落魄（同「落拓」）",
1241,魏,ㄨㄟˋ,"魏國；姓（如明代有魏忠賢）
。",
1242,魟,"1.ㄏㄨㄥ
2.ㄍㄨㄥ","1.魟魚
2.「 」之異體字。",
1243,鮮,"1.ㄒ丨ㄢ
2.ㄒ丨ㄢˇ","1.海鮮、新鮮、朝鮮、數（ㄕ
ㄨㄛˋ）見不鮮
2.鮮少、鮮有、「故君子之道
鮮矣。」（《易經》）",
1244,鮭,"1.ㄍㄨㄟ
2.ㄒ丨ㄝˊ（限讀）","1.鮭魚
2.「粗餐豈復須鮭菜。」（宋
． 陸游〈北窗即事〉詩）",
1245,鯈,ㄔㄡˊ,鯈魚,丨ㄡˊ併讀為ㄔㄡˊ。
1246,鯖,ㄑ丨ㄥ,鯖魚,
流水號,國字,審定音,詞語例或說明,備注
,,,,
1247,鰓,"1.ㄒ丨ˇ
2.ㄙㄞ","1.鰓鰓
2.魚鰓",
1248,鱖,ㄍㄨㄟˋ,鱖魚,ㄐㄩㄝˊ併讀為ㄍㄨㄟˋ。
1249,鱣,"1.ㄓㄢ
2.ㄕㄢˋ","1.鱣魚
2.鱣堂",
1250,鳥,ㄋ丨ㄠˇ,鳥類、鳥瞰、鳥獸散,
1251,鴝,"1.ㄍㄡ
2.ㄑㄩˊ","1.鴝鵅（ㄍㄜˊ）
2.紅尾鴝、鴝鵒（ㄩˋ）",
1252,鵠,"1.ㄍㄨˇ
2.ㄏㄨˊ","1.鵠的（ㄉ丨ˋ）、正（ㄓㄥ
）鵠
2.鵠髮、鵠立、鴻鵠",
1253,鵲,ㄑㄩㄝˋ,喜鵲、鴉鵲無聲,ㄑ丨ㄠˇ併讀為ㄑㄩㄝˋ。
1254,鶩,ㄨˋ,雞鶩、趨之若鶩,ㄇㄨˋ併讀為ㄨˋ。
1255,鶴,ㄏㄜˋ,丹頂鶴、鶴髮童顏、鶴立,ㄏㄠˊ併讀為ㄏㄜˋ。
1256,鹽,"1.丨ㄢˊ
2.丨ㄢˋ","1.海鹽、柴米油鹽
2.「布牛肉焉，屑桂與薑，以
灑諸上而鹽之。」（《禮記
》）",
1257,麗,"1.ㄌ丨ˊ
2.ㄌ丨ˋ","1.高麗
2.保麗龍、美麗、富麗堂皇、
華麗、麗馬（同「儷馬」）",
1258,麥,ㄇㄞˋ,麥片、麥克風、小麥,ㄇㄛˋ併讀為ㄇㄞˋ。
1259,麼,"1.ㄇㄛˊ
2.ㄇㄚˊ（限讀）
3.˙ㄇㄜ（限讀）","1.麼些（ㄙㄨㄛ）
2.幹麼
3.甚麼","表停頓語氣之˙ㄇㄚ，今多作「
嘛」，罕用此字，故不取為審定
音。"
1260,黑,ㄏㄟ,"黑白、黑名單、黑道、黑心、
黑暗",ㄏㄜˋ、ㄏㄟˇ併讀為ㄏㄟ。
1261,齊,"1.ㄐ丨ˋ
2.ㄑ丨ˊ","1.火齊
2.舉案齊眉、齊備、齊家、齊
唱、整齊；姓（如明代有齊",
流水號,國字,審定音,詞語例或說明,備注
,,,,
,,3.ㄗ,"德成）。
3.齊衰（ㄘㄨㄟ）",
1262,齦,丨ㄣˊ,牙齦,
1263,龜,"1.ㄍㄨㄟ
2.ㄐㄩㄣ
3.ㄑ丨ㄡ（限讀）","1.龜貝、龜殼花、烏龜
2.龜裂、「宋人有善為不龜手
之藥者。」（《莊子》）
3.龜茲（ㄑ丨ㄡ ㄘˊ，古國
名）",
